Date,Close
2010-02-22,
2010-02-23,-0.01564166552714341
2010-02-24,-0.005031214439990328
2010-02-25,0.0033710424696238306
2010-02-26,0.005039666628217532
2010-03-01,0.013371479090531713
2010-03-02,0.008718255385361307
2010-03-03,0.01191306482534693
2010-03-04,-0.015927946250457237
2010-03-05,0.019000645984022402
2010-03-08,-0.0016114110735993004
2010-03-09,0.01590967162553869
2010-03-10,-0.0006809485487744293
2010-03-11,-0.027935488901595917
2010-03-12,0.03528042437260037
2010-03-15,-0.016926201235734628
2010-03-16,0.008723536304821256
2010-03-17,0.0034137808504102196
2010-03-18,-0.06985715174405382
2010-03-19,0.05925385039335285
2010-03-22,-0.0020718267825301506
2010-03-23,0.002998871342356324
2010-03-24,-0.002299872934082181
2010-03-25,0.002074692263067668
2010-03-26,-0.010121979044175666
2010-03-29,0.018126949015146776
2010-03-30,0.00091296734937929
2010-03-31,0.0031927755807865665
2010-04-01,0.012730109961961444
2010-04-05,0.006958504570144353
2010-04-06,0.0031208066817576263
2010-04-07,-0.013333299424913236
2010-04-08,0.016891891311374252
2010-04-09,-0.0035437395792866644
2010-04-12,-0.014447688411401205
2010-04-13,0.0029319140204748795
2010-04-14,0.004722263969151541
2010-04-15,-0.006714396486380392
2010-04-16,-0.017575542479077
2010-04-19,-0.0036697213993499567
2010-04-20,0.008287307130120825
2010-04-22,-0.0025114295038272116
2010-04-23,0.0004577811488288841
2010-04-26,-0.01121020073284773
2010-04-27,-0.032161021526824984
2010-04-28,0.00478118430522545
2010-04-29,0.01546518069848446
2010-04-30,0.003045948153366451
2010-05-03,-0.002569507283879502
2010-05-04,-0.04660425393233192
2010-05-05,0.005404107729077179
2010-05-06,-0.019301268254020676
2010-05-07,-0.014200291566800916
2010-05-10,0.043467304371197724
2010-05-11,-0.013804787652834993
2010-05-12,0.005893856988577584
2010-05-13,-0.004150346014283879
2010-05-14,-0.018386859111702125
2010-05-17,-0.010489559791186265
2010-05-18,-0.021958580397250405
2010-05-19,-0.021677423292590703
2010-05-20,-0.020575014044747375
2010-05-21,0.027471059208764137
2010-05-24,-0.008912192371925642
2010-05-25,-0.011108224501130692
2010-05-26,0.02005883958927379
2010-05-27,0.02490825322869017
2010-05-28,-0.005116417553306496
2010-05-31,0.020056538738452367
2010-06-01,-0.0020165873468591666
2010-06-02,0.011113882925313012
2010-06-04,-0.026230308995252694
2010-06-07,-0.005900450101009258
2010-06-08,0.013161247007308363
2010-06-09,-0.007386579552425054
2010-06-10,0.020271929075803774
2010-06-11,0.009305904481933691
2010-06-14,0.005232969820165412
2010-06-15,-0.0004957971662870042
2010-06-16,0.012400793744653305
2010-06-17,0.0
2010-06-18,-0.01298380164770252
2010-06-21,0.011913614577540033
2010-06-22,0.003924450468865359
2010-06-23,-0.006596639524811598
2010-06-24,-0.01352678896026982
2010-06-25,0.0072301398931542415
2010-06-28,-0.0076733010292694415
2010-06-29,-0.035170861612508375
2010-06-30,-0.004395087443156753
2010-07-01,-0.0023370593744629353
2010-07-02,0.008589324486783179
2010-07-05,-0.01135480326990923
2010-07-06,0.013573490971634516
2010-07-07,0.02369297258723102
2010-07-08,0.0075471506178754755
2010-07-12,-0.011235974319895647
2010-07-13,0.010101049022522401
2010-07-14,-0.006499958038330034
2010-07-15,-0.004529448856901097
2010-07-16,-0.0050556308391456195
2010-07-19,0.004573178414241319
2010-07-20,0.024279187209013564
2010-07-21,0.0022222259898243557
2010-07-22,0.022172986511347137
2010-07-23,-0.0028923292775934195
2010-07-26,-0.06937391844293217
2010-07-27,0.08077923663250819
2010-07-28,-0.0747416622142002
2010-07-29,0.08961040942699872
2010-07-30,0.005959475457765873
2010-08-02,0.017061549596893988
2010-08-03,-0.0037278624006996663
2010-08-04,-0.003274073787274623
2010-08-05,-0.061238870853161265
2010-08-06,0.0654837004872344
2010-08-09,-0.06145912927367114
2010-08-10,0.0
2010-08-11,0.0
2010-08-12,0.0
2010-08-13,0.0
2010-08-16,0.0
2010-08-17,0.0
2010-08-18,0.05273683326339884
2010-08-19,-0.00474835631555659
2010-08-20,-0.010019040727355044
2010-08-23,-0.03590365490281433
2010-08-24,0.00849787970135707
2010-08-25,0.0037175100756228208
2010-08-26,-0.0120988068757234
2010-08-27,0.01699575940271436
2010-08-30,-0.0538215458496345
2010-08-31,0.06025973233309667
2010-09-01,0.028435568529139754
2010-09-02,-0.010498592503279669
2010-09-03,0.007703410875578687
2010-09-06,-0.0057334370512992505
2010-09-08,-0.006967734461134634
2010-09-09,0.004355104827100886
2010-09-10,0.0009636453178700766
2010-09-13,0.020457335846596036
2010-09-14,-0.0035377717094503547
2010-09-15,-0.005680513099805884
2010-09-16,0.0007141774623391495
2010-09-17,-0.005233140245291201
2010-09-20,0.0035868370868847865
2010-09-21,0.007386169873181636
2010-09-22,0.004493908393849999
2010-09-23,0.0063574393690399855
2010-09-24,-0.006551300491296264
2010-09-27,0.00047104235032802144
2010-09-28,0.01765536742189222
2010-09-29,0.0030071956856769777
2010-09-30,0.007841331822000086
2010-10-01,0.0036613236754861056
2010-10-04,0.0054719074425386705
2010-10-05,0.006802790524672364
2010-10-06,-0.0018018429798489777
2010-10-07,-0.013763551772379645
2010-10-08,0.014184460296689405
2010-10-11,0.001804602144215961
2010-10-13,0.008331432856474752
2010-10-14,0.0006699998841450672
2010-10-15,0.00022312700796223162
2010-10-18,0.00490855024991288
2010-10-19,-0.02841923996393314
2010-10-20,0.008455273326643642
2010-10-21,-0.014276026577538903
2010-10-22,0.0032183767735272095
2010-10-25,0.00779102102069551
2010-10-26,0.012278329266664834
2010-10-27,-0.005840119801371779
2010-10-28,0.001807542568653231
2010-10-29,-0.005412757727579542
2010-11-01,0.01882090384973023
2010-11-03,0.0060093580220290654
2010-11-04,0.015486742281504595
2010-11-05,-0.001089391069619472
2010-11-08,0.002399140981730996
2010-11-09,0.005657139717357262
2010-11-10,-0.015361377767594941
2010-11-11,0.0
2010-11-12,-0.025928291232658607
2010-11-16,-0.019851139899993542
2010-11-17,0.011277280901395903
2010-11-18,0.015020479472908521
2010-11-19,-0.0004483552410435854
2010-11-22,-0.006953821457114984
2010-11-23,-0.025525210219803918
2010-11-24,0.0199351094696103
2010-11-25,-0.004090916026722291
2010-11-26,-0.013464175187056893
2010-11-29,-0.0018505208698710307
2010-11-30,0.0034761924884678663
2010-12-01,0.012702061125899444
2010-12-02,0.004561020978312902
2010-12-03,-0.0031781927825926815
2010-12-06,-0.002505138026276832
2010-12-07,-0.0004566314637455271
2010-12-08,-0.01439007014581939
2010-12-09,-0.005793742552942072
2010-12-10,0.006759838939752516
2010-12-13,0.014355238858438257
2010-12-14,-0.00410865783002512
2010-12-15,-0.01031402135968118
2010-12-16,-0.0060213555903866345
2010-12-17,0.009086747926002614
2010-12-20,-0.007619529452571161
2010-12-21,0.011866034007964377
2010-12-22,-0.002529331021066117
2010-12-23,0.007837716556392538
2010-12-27,-0.00754807460751894
2010-12-28,0.0004609462559348465
2010-12-29,0.013591341964104275
2010-12-30,0.0072727203369140625
2011-01-03,0.008799625278291368
2011-01-04,0.0029076508784895427
2011-01-05,0.014718997439031378
2011-01-06,-0.008791242327008897
2011-01-07,-0.011973328583146925
2011-01-10,-0.0011221510371807186
2011-01-11,0.010559452671912384
2011-01-12,0.0
2011-01-13,0.010004463484196036
2011-01-14,0.0
2011-01-17,-0.004622475964384476
2011-01-18,0.0
2011-01-19,0.0
2011-01-20,-0.021229607988829557
2011-01-21,0.0031631994951428766
2011-01-24,0.0
2011-01-26,0.0
2011-01-27,-0.018018086132081
2011-01-28,0.0
2011-01-31,-0.017660474082893396
2011-02-01,0.014242278066213032
2011-02-02,-0.010819461806264474
2011-02-03,0.0
2011-02-04,-0.01675590412495087
2011-02-07,-0.0016567975106324129
2011-02-08,0.0016595470440436966
2011-02-09,-0.020118307079789233
2011-02-10,0.006763255289298664
2011-02-11,0.014635331235249849
2011-02-14,0.013478356171303219
2011-02-15,0.0
2011-02-16,0.012599181237457069
2011-02-17,0.0
2011-02-18,0.0
2011-02-21,0.0
2011-02-22,-0.01013830474507893
2011-02-23,0.004422775732202622
2011-02-24,0.0
2011-02-25,0.0
2011-02-28,0.010196955067199642
2011-03-01,0.0
2011-03-02,0.0
2011-03-03,0.0
2011-03-04,0.0
2011-03-09,0.0
2011-03-10,-0.025005738673372746
2011-03-11,0.00588235294117645
2011-03-14,0.0
2011-03-15,0.007251494112070489
2011-03-16,-0.014166293332492308
2011-03-17,0.0
2011-03-18,0.012720869395102197
2011-03-21,0.0
2011-03-22,0.014189271268622461
2011-03-23,0.0
2011-03-24,0.0
2011-03-25,0.0
2011-03-28,0.0
2011-03-29,0.0
2011-03-30,0.0084863018241077
2011-03-31,0.0
2011-04-01,0.013418242806645386
2011-04-04,0.00987429562721509
2011-04-05,0.0
2011-04-06,-0.0077777438693575895
2011-04-07,0.0
2011-04-08,0.0
2011-04-11,-0.016797311855976216
2011-04-12,-0.015945347120928988
2011-04-13,-0.007870373763501637
2011-04-14,0.0006999248453027906
2011-04-15,0.0
2011-04-18,0.0
2011-04-19,0.0
2011-04-20,0.013056688768015468
2011-04-25,0.0
2011-04-26,0.004372810664506233
2011-04-27,0.0
2011-04-28,-0.019248399732726407
2011-04-29,0.003037408187677393
2011-05-02,-0.007453987713706978
2011-05-03,-0.01595870207546024
2011-05-04,-0.008585752628938681
2011-05-05,0.0
2011-05-06,0.012027904827294433
2011-05-09,0.0
2011-05-10,0.0
2011-05-11,-0.006893294928238869
2011-05-12,-0.0004787089121118804
2011-05-13,-0.012691542159942726
2011-05-16,0.0
2011-05-17,0.007518830384013242
2011-05-18,-0.011795899558674217
2011-05-19,0.0
2011-05-20,0.001218008233613066
2011-05-23,0.0
2011-05-24,0.00681271543526818
2011-05-25,0.0007249583983213181
2011-05-26,0.009659539419290875
2011-05-27,0.0033484665163840965
2011-05-30,0.0007151079559306606
2011-05-31,-0.0014292847533418085
2011-06-01,-0.011211770671164745
2011-06-02,0.002171294352987241
2011-06-03,0.003610922192482935
2011-06-06,-0.014631729809256866
2011-06-07,0.0
2011-06-08,-0.0029211962325501606
2011-06-09,0.0
2011-06-10,0.0
2011-06-13,-0.008544884813090126
2011-06-14,0.0024624100620083134
2011-06-15,0.0
2011-06-16,-0.007614776850043858
2011-06-17,-0.006188118578160373
2011-06-20,0.0
2011-06-21,0.0
2011-06-22,0.008717271751421896
2011-06-24,0.0
2011-06-27,0.0
2011-06-28,0.0
2011-06-29,0.014814777138792534
2011-06-30,0.003649672298001505
2011-07-01,0.011636352539062589
2011-07-04,0.0
2011-07-05,0.0
2011-07-06,-0.00647017638929992
2011-07-07,-0.008200679211187611
2011-07-08,0.0
2011-07-11,-0.030398833474451825
2011-07-12,-0.0002507730574632383
2011-07-13,0.0
2011-07-14,-0.0035122776594258553
2011-07-15,0.0
2011-07-18,0.0
2011-07-19,-0.007552946690279616
2011-07-20,0.0017758374625351792
2011-07-21,0.013167805038356128
2011-07-22,-0.0012496685618114123
2011-07-25,0.0
2011-07-26,-0.009509440994097118
2011-07-27,-0.014653911172879619
2011-07-28,0.003846192971254103
2011-07-29,0.0
2011-08-01,0.0
2011-08-02,0.0
2011-08-03,-0.04469987054389302
2011-08-04,-0.048663091459097196
2011-08-05,-0.0008432431829712428
2011-08-08,-0.08073133596280979
2011-08-09,0.045593569457021976
2011-08-10,0.0
2011-08-11,0.0
2011-08-12,0.042142303733424535
2011-08-15,0.0
2011-08-16,0.0
2011-08-17,0.0
2011-08-18,-0.0075821525733190676
2011-08-19,-0.009620830535366998
2011-08-22,0.0
2011-08-23,0.015714263916015714
2011-08-24,0.0
2011-08-25,0.0
2011-08-26,-0.0008438475370092791
2011-08-29,0.0
2011-08-30,0.03462836504461486
2011-08-31,0.02176868672273602
2011-09-01,0.028761700479310814
2011-09-02,0.0
2011-09-05,0.0
2011-09-06,-0.026663281530279193
2011-09-08,0.01861704232305339
2011-09-09,-0.03002605049842555
2011-09-12,0.0
2011-09-13,0.0
2011-09-14,0.012382209033079628
2011-09-15,0.0029247702357464433
2011-09-16,0.0
2011-09-19,0.011929929312812337
2011-09-20,-0.0018338930621476512
2011-09-21,0.0018372624049254327
2011-09-22,-0.052659114958211184
2011-09-23,-0.008573046863914802
2011-09-26,0.010041858456742547
2011-09-27,0.006628049835265326
2011-09-28,-0.007681826834934791
2011-09-29,0.002488254275477386
2011-09-30,-0.012410285964490897
2011-10-03,-0.022898622266901647
2011-10-04,-0.005430192406168932
2011-10-05,0.0
2011-10-06,0.0
2011-10-07,0.006609182393067181
2011-10-10,0.019982894300103693
2011-10-11,0.020430997805454654
2011-10-13,0.013165100227354287
2011-10-14,0.006497067877345941
2011-10-17,-0.01371710952244054
2011-10-18,0.0
2011-10-19,0.012271633089977696
2011-10-20,-0.014547336109060005
2011-10-21,0.01968281492524726
2011-10-24,0.023056317103006263
2011-10-25,0.0
2011-10-26,-0.007861615258389243
2011-10-27,0.012150002035311136
2011-10-28,0.030532411089778888
2011-10-31,0.0
2011-11-01,-0.025322865472180545
2011-11-03,0.016887443045898287
2011-11-04,0.006131877419759846
2011-11-07,0.00507873939854675
2011-11-08,0.0005052208726963325
2011-11-09,-0.02045448459103072
2011-11-10,-0.0046403789875583135
2011-11-11,0.016834957288432983
2011-11-14,-0.00025466943353691374
2011-11-16,0.006878992554488539
2011-11-17,-0.025556733920332086
2011-11-18,-0.00519337722563229
2011-11-21,-0.006264726438619306
2011-11-22,-0.006041490519570369
2011-11-23,-0.013742083923541148
2011-11-24,0.004287241391223828
2011-11-25,-0.006670224200997499
2011-11-28,-0.006177801371590186
2011-11-29,0.012972960600981853
2011-11-30,0.029615811737155884
2011-12-01,0.02176730109526992
2011-12-02,-0.0030433408814610763
2011-12-05,0.014754464413514246
2011-12-06,0.009275481011433273
2011-12-07,-0.012170836666613893
2011-12-08,-0.015086806183358448
2011-12-09,0.011233149399406672
2011-12-12,-0.01186572111741635
2011-12-13,0.0
2011-12-14,-0.01021966574908606
2011-12-15,-0.005420828344637085
2011-12-16,0.00025959347384785225
2011-12-19,-0.00934096008821117
2011-12-20,0.026715569659788496
2011-12-21,-0.0025510787467357687
2011-12-22,0.01048593001054643
2011-12-23,0.006327512291078641
2011-12-26,0.0
2011-12-27,0.0030181778583486807
2011-12-28,-0.021815514625891375
2011-12-29,0.005383309618191001
2012-01-02,0.008923979174593644
2012-01-03,0.022239097167098043
2012-01-04,0.0
2012-01-05,-0.00914706860089265
2012-01-06,-0.0002495542857664512
2012-01-09,0.0009982759129520957
2012-01-10,0.011219166195258534
2012-01-11,-0.0014793237490008382
2012-01-12,0.0032099029164256443
2012-01-13,-0.006645347050595052
2012-01-16,0.0
2012-01-17,0.019573857868691924
2012-01-18,0.009720478647615272
2012-01-19,0.008423641281470218
2012-01-20,-0.00023871445981427097
2012-01-23,0.0026259396503773846
2012-01-24,-0.0028571174258277265
2012-01-26,0.012416438502900862
2012-01-27,0.0
2012-01-30,0.0
2012-01-31,-0.0021226450318158063
2012-02-01,0.015362743797781242
2012-02-02,-0.0020949756635451067
2012-02-03,0.005598359795812691
2012-02-06,0.0030155663714841463
2012-02-07,0.0009250022959641502
2012-02-08,0.009935312322177703
2012-02-09,-0.007549714556609244
2012-02-10,-0.01705859060042081
2012-02-13,0.0
2012-02-14,0.008442791170371278
2012-02-15,0.0016278998796330768
2012-02-16,-0.002786137281983403
2012-02-17,0.00977876976681502
2012-02-23,0.0
2012-02-24,0.006456135598110091
2012-02-27,-0.0068729219076876236
2012-02-28,0.010380640802285068
2012-02-29,0.0059361219351454775
2012-03-01,0.008170603368898854
2012-03-02,0.011031105327900859
2012-03-05,-0.009129366484193713
2012-03-06,0.0
2012-03-07,-0.016853932584269704
2012-03-08,0.017600010463169724
2012-03-09,0.0017969006184830327
2012-03-12,0.0
2012-03-13,0.0042601445718994935
2012-03-14,0.0
2012-03-15,0.0
2012-03-16,0.01987049277643349
2012-03-19,0.0
2012-03-20,-0.02035902580916593
2012-03-21,-0.00022342617951287558
2012-03-22,0.0
2012-03-23,0.0
2012-03-26,0.004023166824447033
2012-03-27,-0.001113072998634168
2012-03-28,-0.00913750517432621
2012-03-29,0.0
2012-03-30,-0.010346358388327315
2012-04-02,0.010227290066805672
2012-04-03,-0.01889764090371504
2012-04-04,-0.013987631318830296
2012-04-05,-0.0041860536087391376
2012-04-09,-0.011209704475881765
2012-04-10,-0.010392031769562715
2012-04-11,0.0
2012-04-12,0.0
2012-04-13,0.013842434253831692
2012-04-16,-0.010122417839205644
2012-04-17,0.01480646874692404
2012-04-18,0.004860022050050317
2012-04-19,0.0
2012-04-20,0.0
2012-04-23,-0.012593304619315404
2012-04-24,0.0
2012-04-25,0.0
2012-04-26,0.0
2012-04-27,0.005668438299524459
2012-04-30,0.0
2012-05-02,-0.0058713008278376
2012-05-03,0.01157566365636331
2012-05-04,-0.019149922948816234
2012-05-07,0.0
2012-05-08,0.0
2012-05-09,0.0
2012-05-10,0.0
2012-05-11,0.0
2012-05-14,0.0
2012-05-15,-0.059761864798409614
2012-05-16,0.0
2012-05-17,-0.019751900755665464
2012-05-18,-0.012658172961984904
2012-05-21,0.0
2012-05-22,0.033228687001604085
2012-05-23,0.0
2012-05-24,-0.031906864590424355
2012-05-25,0.0
2012-05-28,0.0
2012-05-29,0.0
2012-05-30,0.0023541761356407065
2012-05-31,-0.00443627793056256
2012-06-01,0.007077238067297431
2012-06-04,-0.002082197297502364
2012-06-05,0.001564981039442248
2012-06-06,0.003385345006571505
2012-06-08,0.011419736707665606
2012-06-11,0.0
2012-06-12,-0.0051321723550062925
2012-06-13,0.02115036587934882
2012-06-14,-0.005051800004258866
2012-06-15,-0.0022848477781785004
2012-06-18,0.0
2012-06-19,0.03969469220294308
2012-06-20,0.0
2012-06-21,-0.009300074949557535
2012-06-22,-0.02223314529049325
2012-06-25,-0.026275918833115197
2012-06-26,0.00441095394154023
2012-06-27,0.0031000451929787953
2012-06-28,-0.010043862630822575
2012-06-29,0.02263274655731995
2012-07-02,-0.005596571178260068
2012-07-03,0.02481456170163021
2012-07-04,0.004742851228049627
2012-07-05,0.011428548682550499
2012-07-06,-0.022598825586714666
2012-07-10,0.0
2012-07-11,-0.02462929177400197
2012-07-12,0.0
2012-07-13,0.015459893143266124
2012-07-16,0.0
2012-07-17,-0.005074873476625608
2012-07-18,0.0043356793576130315
2012-07-19,0.014728237699999092
2012-07-20,0.0
2012-07-23,-0.039789794519933364
2012-07-24,0.004430596517460694
2012-07-25,-0.0044110529217472605
2012-07-26,0.0
2012-07-27,0.05186348016322562
2012-07-30,0.01684837202409195
2012-07-31,-0.01291429293788382
2012-08-01,0.0
2012-08-02,-0.006664938391836239
2012-08-03,0.01888663742128749
2012-08-06,0.023658566358612854
2012-08-07,0.0
2012-08-08,0.0
2012-08-09,0.0002382254286967811
2012-08-10,0.0
2012-08-13,0.0
2012-08-14,0.002858478637286277
2012-08-15,-0.00952795430191855
2012-08-16,0.014288852119213047
2012-08-17,-0.005355495863646587
2012-08-20,0.0028954679049293386
2012-08-21,0.0018962273917695338
2012-08-22,-0.0063875196318831096
2012-08-23,0.0
2012-08-24,0.0
2012-08-27,-0.014047622680664062
2012-08-28,0.0009659723659680708
2012-08-29,-0.01592279457814194
2012-08-30,0.0
2012-08-31,-0.008825707336881261
2012-09-03,0.005688833551823702
2012-09-04,-0.010821412404333541
2012-09-05,0.0061242866649113825
2012-09-06,0.013929577508603685
2012-09-10,0.0
2012-09-11,0.018766767747314672
2012-09-12,-0.002153113737573875
2012-09-13,0.031407369984304045
2012-09-14,0.00790330425313912
2012-09-17,0.00023058859299962542
2012-09-18,0.0
2012-09-19,0.0
2012-09-20,-0.007147741900584759
2012-09-21,-0.0011612412950090523
2012-09-24,0.0
2012-09-25,-0.022320370191505567
2012-09-26,-0.0011890425200408172
2012-09-27,0.0012652079264323657
2012-09-28,-0.012202128850402283
2012-10-01,0.010351475582540237
2012-10-02,0.000952992605831815
2012-10-03,-0.011187751125544598
2012-10-04,-0.006981244803462294
2012-10-05,0.008727287523674132
2012-10-08,0.007930738080194288
2012-10-09,0.0
2012-10-10,0.0
2012-10-11,-0.0030996008029238187
2012-10-15,0.00406596898736078
2012-10-16,0.0
2012-10-17,0.0
2012-10-18,0.0
2012-10-19,0.0
2012-10-22,0.0
2012-10-23,-0.021915154334856468
2012-10-24,-0.002191917914704078
2012-10-25,0.009275012011128458
2012-10-26,-0.00386940394960944
2012-10-29,0.0014566976278582722
2012-10-30,0.00630298961292608
2012-10-31,-0.010118000142809946
2012-11-01,0.02092968136183848
2012-11-05,-0.0033372917068482666
2012-11-06,0.004544334380968351
2012-11-07,0.0
2012-11-08,0.0
2012-11-09,0.0
2012-11-12,-0.02714284261067712
2012-11-13,-0.003426318833998465
2012-11-14,0.0
2012-11-16,0.0
2012-11-19,-0.0017190494284324842
2012-11-21,0.005904006267176687
2012-11-22,-0.0014672917458868895
2012-11-23,0.0
2012-11-26,0.0
2012-11-27,0.0
2012-11-28,0.0031838659708092187
2012-11-29,0.0
2012-11-30,0.0
2012-12-03,0.025146548267004132
2012-12-04,0.0
2012-12-05,0.0
2012-12-06,-0.01524179992290664
2012-12-07,0.0
2012-12-10,0.0
2012-12-11,0.0
2012-12-12,0.030229747185657407
2012-12-13,0.0
2012-12-14,0.0
2012-12-17,0.0
2012-12-18,0.019953106086018302
2012-12-19,0.0013808413703164657
2012-12-20,0.004366868506915589
2012-12-21,-0.002517176394304599
2012-12-26,0.0018352378086117227
2012-12-27,-0.005724754075620231
2012-12-28,0.0027637667352058415
2013-01-02,0.023656379366991498
2013-01-03,0.01166705096082965
2013-01-04,-0.00909292184574495
2013-01-07,-0.009400223383479345
2013-01-08,-0.0058743409713757355
2013-01-09,0.0
2013-01-10,0.0011363462968305704
2013-01-11,0.0
2013-01-14,0.0
2013-01-15,0.00454031251767173
2013-01-16,0.0
2013-01-17,0.0
2013-01-18,0.0
2013-01-21,0.005875668283236157
2013-01-22,0.0
2013-01-23,0.0
2013-01-24,0.0
2013-01-28,-0.014154061495733394
2013-01-29,0.0
2013-01-30,-0.014585218187551097
2013-01-31,0.008556866732709167
2013-02-01,0.0
2013-02-04,-0.00986013068465108
2013-02-05,0.0
2013-02-06,-0.004631791605510527
2013-02-07,-0.009073973797165458
2013-02-08,0.0
2013-02-13,0.0
2013-02-14,0.0
2013-02-15,-0.0021131756812736713
2013-02-18,0.0
2013-02-19,0.0
2013-02-20,0.0
2013-02-21,-0.024705864401424638
2013-02-22,0.00820265733003045
2013-02-25,0.0
2013-02-26,-0.0069394809565460625
2013-02-27,0.0
2013-02-28,0.020240967532238363
2013-03-01,0.0
2013-03-04,0.0
2013-03-05,0.0023617967350191282
2013-03-06,0.0
2013-03-07,0.0
2013-03-08,0.0
2013-03-11,0.0
2013-03-12,0.021206445688066067
2013-03-13,0.0
2013-03-14,-0.015920595853246344
2013-03-15,0.0
2013-03-18,-0.0023447194663681614
2013-03-19,-0.004757478936012305
2013-03-20,-0.0027762861920478388
2013-03-21,0.0
2013-03-22,-0.013023898721818972
2013-03-25,-0.0019194297137458127
2013-03-26,0.0
2013-03-27,0.0
2013-03-28,0.024038462420187034
2013-04-01,0.0
2013-04-02,-0.017605634433428774
2013-04-03,0.0
2013-04-04,0.0
2013-04-05,0.0
2013-04-08,0.0
2013-04-09,0.01314224783300566
2013-04-10,0.0066037445570839015
2013-04-11,0.0
2013-04-12,-0.026007511771665826
2013-04-15,-0.01563631298173518
2013-04-16,0.0
2013-04-17,-0.010996993362128116
2013-04-18,0.0
2013-04-19,0.022238638103159625
2013-04-22,-0.0016920400442714811
2013-04-23,0.021549622423474357
2013-04-24,-0.0009480232787861809
2013-04-25,0.0
2013-04-26,0.0
2013-04-29,0.0
2013-04-30,0.012574110560149565
2013-05-02,-0.003514562436887192
2013-05-03,0.0
2013-05-06,0.0
2013-05-07,0.0
2013-05-08,0.01857514550204753
2013-05-09,0.0
2013-05-10,-0.0066943886789083695
2013-05-13,0.0
2013-05-14,0.0
2013-05-15,0.0
2013-05-16,0.0
2013-05-17,0.0
2013-05-20,0.009528232838560413
2013-05-21,0.0
2013-05-22,0.013812207821973788
2013-05-23,0.0
2013-05-24,0.0
2013-05-27,-0.0120345727287956
2013-05-28,0.0
2013-05-29,-0.014709248778152717
2013-05-31,-0.007930957804037075
2013-06-03,0.0
2013-06-04,0.0
2013-06-05,0.0
2013-06-06,-0.031036908834024657
2013-06-07,-0.00679443789170997
2013-06-10,-0.003420459042379531
2013-06-11,-0.02034816897340974
2013-06-12,-0.013513536734218068
2013-06-13,0.01522075892157293
2013-06-14,-0.014742632329816319
2013-06-17,0.00557953890439733
2013-06-18,0.0005043289356081448
2013-06-19,-0.008066541708961372
2013-06-20,-0.019059721196514
2013-06-21,-0.01243522179303036
2013-06-24,-0.02938087521686583
2013-06-25,0.020270270270270174
2013-06-26,0.0
2013-06-27,0.014039702762831174
2013-06-28,0.012016795032363081
2013-07-01,0.0010324496411240336
2013-07-02,-0.03326449565333034
2013-07-03,0.0
2013-07-04,0.0
2013-07-05,0.0
2013-07-08,0.0
2013-07-10,0.0
2013-07-11,0.0
2013-07-12,0.016270919401016215
2013-07-15,0.0
2013-07-16,0.0
2013-07-17,0.025459350644383427
2013-07-18,-0.006910684921234811
2013-07-19,0.0
2013-07-22,0.0043814945099327485
2013-07-23,0.019758799939544325
2013-07-24,-0.007045862661497093
2013-07-25,-0.004308113859338825
2013-07-26,0.011707790118448802
2013-07-29,0.0
2013-07-30,-0.005282995835790061
2013-07-31,-0.004805322129662226
2013-08-01,0.0
2013-08-02,0.016264376852939577
2013-08-05,0.0
2013-08-06,0.0
2013-08-07,-0.027506932799421957
2013-08-08,0.02442789349059038
2013-08-09,0.011295199829717495
2013-08-12,-0.0009928248850430421
2013-08-13,0.008944114542895898
2013-08-14,0.0061561190899435125
2013-08-15,-0.0012236719606871782
2013-08-16,0.00392060382327819
2013-08-19,-0.003661252658276881
2013-08-20,-0.019108250493097723
2013-08-21,-0.007242779942467026
2013-08-22,0.0186163944268376
2013-08-23,0.00024693309752366055
2013-08-26,0.0
2013-08-27,-0.0160494203920718
2013-08-28,-0.013550743325141057
2013-08-29,0.013228197395001473
2013-08-30,-0.004017164317191235
2013-09-02,0.02546010039952873
2013-09-03,-0.013028485135715306
2013-09-04,0.0
2013-09-05,0.0211705714026742
2013-09-06,0.0
2013-09-09,0.03292679205173399
2013-09-10,0.008972870880914918
2013-09-11,0.0
2013-09-12,0.0
2013-09-13,0.0
2013-09-16,0.0
2013-09-17,-0.007956942575012671
2013-09-18,0.0
2013-09-19,0.016041526656446203
2013-09-20,0.0
2013-09-23,0.0
2013-09-24,0.0
2013-09-25,-0.013234262801555485
2013-09-26,0.007529404584099231
2013-09-27,0.00046708215567980993
2013-09-30,-0.01844073092235088
2013-10-01,0.0
2013-10-02,0.0
2013-10-03,0.0
2013-10-04,0.0
2013-10-07,0.005945303318332984
2013-10-08,0.0
2013-10-09,-0.0014183820254347612
2013-10-10,0.003314379358081432
2013-10-11,0.0
2013-10-14,0.0
2013-10-15,0.021708309243943846
2013-10-16,0.005311767812676393
2013-10-17,0.0
2013-10-18,0.0
2013-10-21,0.003675622602778539
2013-10-22,0.01052879179741395
2013-10-23,0.0
2013-10-24,0.0
2013-10-25,-0.018120113796346815
2013-10-28,0.010380640802285068
2013-10-29,0.0
2013-10-30,0.0011415351125905193
2013-10-31,0.010034263551136124
2013-11-01,0.0
2013-11-04,0.0031609705747230876
2013-11-05,0.0
2013-11-06,-0.012829162523274151
2013-11-07,0.0
2013-11-08,-0.014135862363358842
2013-11-11,0.0
2013-11-12,0.0
2013-11-13,0.0
2013-11-14,0.017807507242763476
2013-11-18,0.0
2013-11-19,0.0
2013-11-21,0.0
2013-11-22,-0.0211314820710522
2013-11-25,0.0
2013-11-26,0.0
2013-11-27,0.0
2013-11-28,-0.0048747189007438685
2013-11-29,0.011663168006942115
2013-12-02,0.0
2013-12-03,-0.02351857235149224
2013-12-04,-0.02243204208903815
2013-12-05,0.005072441466974054
2013-12-06,0.0
2013-12-09,0.0
2013-12-10,0.0
2013-12-11,0.0
2013-12-12,0.0
2013-12-13,-0.017784226570828343
2013-12-16,0.0
2013-12-17,0.008563794909847822
2013-12-18,0.0
2013-12-19,0.01892282280926061
2013-12-20,-0.010714303879510778
2013-12-23,0.0
2013-12-26,0.0
2013-12-27,0.0
2013-12-30,0.011311702270355495
2014-01-02,0.0
2014-01-03,0.004283681656708005
2014-01-06,0.0
2014-01-07,-0.026066404477044336
2014-01-08,0.0
2014-01-09,0.0
2014-01-10,-0.017031556550615057
2014-01-13,0.0
2014-01-14,0.0
2014-01-15,0.0
2014-01-16,0.0
2014-01-17,-0.015841662875575313
2014-01-20,0.0
2014-01-21,0.0
2014-01-22,0.0
2014-01-23,0.0
2014-01-24,-0.026156869837362096
2014-01-27,0.00025822110583662017
2014-01-28,0.004905722410396329
2014-01-29,0.0
2014-01-30,-0.009506653373380414
2014-01-31,0.002334634354580478
2014-02-03,0.0
2014-02-04,-0.011128372462939962
2014-02-05,0.0
2014-02-06,0.01674952643242844
2014-02-07,0.014157093265375176
2014-02-10,0.0
2014-02-11,-0.004060909675524194
2014-02-12,0.0
2014-02-13,0.0
2014-02-14,-0.0053517556112940845
2014-02-17,0.0
2014-02-18,0.0
2014-02-19,-0.017422503880181517
2014-02-20,0.006518905083365389
2014-02-21,0.0002591227105144256
2014-02-24,0.0
2014-02-25,0.0
2014-02-26,0.0
2014-02-27,0.008028944669600468
2014-02-28,-0.011562100961280186
2014-03-05,0.0
2014-03-06,0.0041590809029141695
2014-03-07,0.0
2014-03-10,-0.03365258092455892
2014-03-11,0.010715180593666274
2014-03-12,-0.0023853738054553375
2014-03-13,0.0
2014-03-14,-0.00929857810298873
2014-03-17,-0.00375434127678298
2014-03-18,0.020457558285799315
2014-03-19,0.0287523122388591
2014-03-20,-0.005384591909555314
2014-03-21,0.018303662482989314
2014-03-24,-0.005063310454163417
2014-03-25,0.005089078036186079
2014-03-26,-0.0037975069842760556
2014-03-27,0.028462586785577892
2014-03-28,0.0
2014-03-31,0.016061222920080498
2014-04-01,-0.008268486415845988
2014-04-02,0.0
2014-04-03,0.0
2014-04-04,0.021579232330972697
2014-04-07,0.0
2014-04-08,0.006481047977738852
2014-04-09,-0.01335562530921064
2014-04-10,0.005559573318215882
2014-04-11,0.0
2014-04-14,0.0
2014-04-15,-0.014423040772329476
2014-04-16,0.0
2014-04-17,0.023902427859422648
2014-04-22,0.0
2014-04-23,0.0
2014-04-24,0.0
2014-04-25,0.0
2014-04-28,0.0
2014-04-29,0.0
2014-04-30,0.0
2014-05-02,0.029299655923026302
2014-05-05,0.0020828547672946396
2014-05-06,0.008083193879569128
2014-05-07,0.0
2014-05-08,-0.005269263433982485
2014-05-09,-0.005066729969675721
2014-05-12,0.0
2014-05-13,0.0
2014-05-14,0.024768511016836747
2014-05-15,-0.010616697895712401
2014-05-16,0.0
2014-05-19,-0.011415525312998942
2014-05-20,0.0027713379676472805
2014-05-21,-0.012206328918639597
2014-05-22,0.00046631984258072023
2014-05-23,0.0
2014-05-26,0.0018644099589646412
2014-05-27,-0.013258978536095145
2014-05-28,0.005422050138181644
2014-05-29,0.0
2014-05-30,0.0
2014-06-02,0.0
2014-06-03,-0.00867532786270886
2014-06-04,0.0004730477374910169
2014-06-05,-0.005200884396544203
2014-06-06,0.027804137785989003
2014-06-09,0.023121387283236983
2014-06-10,0.0
2014-06-11,0.011977373543432313
2014-06-13,-0.004019658554769823
2014-06-16,-0.004932677433464705
2014-06-17,0.0
2014-06-18,0.0
2014-06-20,0.0
2014-06-23,0.0
2014-06-24,0.0
2014-06-25,-0.01464627107334382
2014-06-26,-0.0038874495935249387
2014-06-27,0.0
2014-06-30,-0.007116652055045525
2014-07-01,0.0
2014-07-02,0.0
2014-07-03,0.008786151863936054
2014-07-04,0.0
2014-07-07,0.0
2014-07-08,0.0
2014-07-10,0.0052715914876384495
2014-07-11,0.0
2014-07-14,0.026675744474777163
2014-07-15,0.0
2014-07-16,0.008438842514247202
2014-07-17,0.0
2014-07-18,0.017397069327943715
2014-07-21,0.0012986484329644554
2014-07-22,0.011673171965421059
2014-07-23,-0.0066238795651146765
2014-07-24,0.004947290469616394
2014-07-25,0.0
2014-07-28,0.0
2014-07-29,-0.007705492314756923
2014-07-30,-0.006255412245671721
2014-07-31,-0.01931841535801937
2014-08-01,0.0006639836010235989
2014-08-04,0.0
2014-08-05,0.005750987425252374
2014-08-06,0.0061578793001964005
2014-08-07,0.0
2014-08-08,0.0
2014-08-11,-0.005464480874316946
2014-08-12,0.0
2014-08-13,0.0
2014-08-14,0.0
2014-08-15,0.01384617732121396
2014-08-18,0.009104664192943535
2014-08-19,0.012244891604002772
2014-08-20,0.009550101297539415
2014-08-21,0.0
2014-08-22,-0.00840869305118852
2014-08-25,0.019715928371353053
2014-08-26,0.006029125254200851
2014-08-27,0.019425551834318266
2014-08-28,-0.014595604986372912
2014-08-29,0.018103292677758898
2014-09-01,0.013133919764332092
2014-09-02,-0.005783823674860633
2014-09-03,0.0
2014-09-04,0.0
2014-09-05,-0.014643923060806086
2014-09-08,0.0
2014-09-09,-0.03236971065070182
2014-09-10,-0.013254729004798183
2014-09-11,0.0
2014-09-12,-0.0023454287158363174
2014-09-15,0.001709724616202557
2014-09-16,0.02389594137200013
2014-09-17,-0.003959208892703625
2014-09-18,-0.0163179663545292
2014-09-19,-0.009357690821466869
2014-09-22,0.0
2014-09-23,-0.02404471237773398
2014-09-24,0.0
2014-09-25,0.0
2014-09-26,0.0
2014-09-29,-0.025516935124803353
2014-09-30,-0.008126424752856298
2014-10-01,-0.02321348406105006
2014-10-02,0.0
2014-10-03,0.0
2014-10-06,0.0
2014-10-07,0.0
2014-10-08,0.07735330035320609
2014-10-09,0.0012975250089943824
2014-10-10,-0.030453560921087086
2014-10-13,0.0
2014-10-14,0.0
2014-10-15,-0.0026731774006759634
2014-10-16,-0.01675228930827366
2014-10-17,0.0
2014-10-20,0.002953227323111207
2014-10-21,-0.0407701696386743
2014-10-22,0.0
2014-10-23,-0.020543068789397934
2014-10-24,0.02410800412333103
2014-10-27,-0.03483991426988642
2014-10-28,0.0
2014-10-29,0.0
2014-10-30,0.0
2014-10-31,0.0807317408119761
2014-11-03,-0.02527652249763057
2014-11-04,0.013660573543594179
2014-11-05,-0.005025066517587384
2014-11-06,-0.017447247756435247
2014-11-07,-0.005140126400174361
2014-11-10,0.0
2014-11-11,0.00023481261397950703
2014-11-12,0.0
2014-11-13,-0.013853020673258665
2014-11-14,0.0
2014-11-17,-0.007619040352957573
2014-11-18,0.0
2014-11-19,0.0
2014-11-21,0.0
2014-11-24,0.0
2014-11-25,0.0832533876030761
2014-11-26,-0.010188325218688177
2014-11-27,-0.006936620454682241
2014-11-28,0.0042811767042856275
2014-12-01,-0.04218086338316829
2014-12-02,-0.017100013251806545
2014-12-03,0.0
2014-12-04,-0.0007149375584227791
2014-12-05,0.0
2014-12-08,-0.02456472148343236
2014-12-09,-0.010513454502042108
2014-12-10,-0.002965227154988148
2014-12-11,-0.013135038397505627
2014-12-12,-0.012807592301400605
2014-12-15,-0.027219528299259332
2014-12-16,-0.001307611128740338
2014-12-17,0.0
2014-12-18,0.0
2014-12-19,0.0
2014-12-22,0.0
2014-12-23,0.06703329314865769
2014-12-26,0.002208592701543388
2014-12-29,0.014446624642103556
2014-12-30,0.0
2015-01-02,-0.04368818150997922
2015-01-05,-0.018172575098845622
2015-01-06,0.0
2015-01-07,0.03958861286433546
2015-01-08,0.005192950205275881
2015-01-09,-0.019680271137222705
2015-01-12,-0.010288578748086197
2015-01-13,0.0
2015-01-14,-0.01267748522844514
2015-01-15,0.007190616432176444
2015-01-16,0.020652665308082074
2015-01-19,0.0
2015-01-20,0.0
2015-01-21,0.0009992734635813072
2015-01-22,0.005240805741752563
2015-01-23,0.0
2015-01-26,0.0
2015-01-27,-0.015640448672053497
2015-01-28,-0.013619190283634564
2015-01-29,0.0
2015-01-30,-0.01687547525216404
2015-02-02,0.007022118398081201
2015-02-03,0.0
2015-02-04,0.038481348574257
2015-02-05,0.0
2015-02-06,-0.013926823460436166
2015-02-09,0.004287469417481704
2015-02-10,0.0010045433408816251
2015-02-11,-0.014300042300455784
2015-02-12,0.02646986233885107
2015-02-13,0.02082807586792157
2015-02-18,0.0
2015-02-19,0.0
2015-02-20,0.0
2015-02-23,0.0
2015-02-24,0.015545378499153273
2015-02-25,-0.0026309640454074135
2015-02-26,0.0
2015-02-27,0.007433994074869554
2015-03-02,-0.012377925823431224
2015-03-03,0.003374292214625152
2015-03-04,-0.010809530420216928
2015-03-05,-0.004613856855292586
2015-03-06,-0.004635336268016377
2015-03-09,0.0
2015-03-10,0.0
2015-03-11,-0.02205876784341043
2015-03-12,0.0
2015-03-13,-0.001253209269312494
2015-03-16,0.0
2015-03-17,0.024341311363739404
2015-03-18,0.031112211348808483
2015-03-19,0.0
2015-03-20,0.009265844339144236
2015-03-23,-0.001647827108722577
2015-03-24,-0.011318074604181327
2015-03-25,0.010255194420370817
2015-03-26,-0.02148252677762552
2015-03-27,-0.013027766117923889
2015-03-30,0.020777278838705726
2015-03-31,0.0009578763681779012
2015-04-01,0.020095697797121836
2015-04-02,0.017354636234972576
2015-04-06,0.008759733611377607
2015-04-07,0.0011426657604145518
2015-04-08,0.004336877898954317
2015-04-09,-0.004090916026722291
2015-04-10,0.00570515750207834
2015-04-13,0.005899753529179375
2015-04-14,-0.010151155974557402
2015-04-15,0.0
2015-04-16,0.0
2015-04-17,0.0
2015-04-20,0.0
2015-04-22,0.0
2015-04-23,0.006608867223588222
2015-04-24,0.030110977726726995
2015-04-27,0.0
2015-04-28,0.0
2015-04-29,0.0
2015-04-30,0.0019780253316019625
2015-05-04,0.01974120471302121
2015-05-05,0.0
2015-05-06,-0.007743613623449441
2015-05-07,0.0
2015-05-08,0.0
2015-05-11,0.0
2015-05-12,0.00260132081305553
2015-05-13,-0.008864861565667237
2015-05-14,0.005890062322533085
2015-05-15,0.009325532411275761
2015-05-18,-0.01869365555366309
2015-05-19,-0.008101575360612956
2015-05-20,0.0
2015-05-21,-0.015452555733527995
2015-05-22,-0.005605381357693617
2015-05-25,0.006087947396914206
2015-05-26,-0.01792916307061765
2015-05-27,0.00844360872801353
2015-05-28,-0.008372911142412565
2015-05-29,-0.015746203366370226
2015-06-01,0.0
2015-06-02,0.0248087101397092
2015-06-03,-0.010859717962692805
2015-06-05,-0.006633140609109023
2015-06-08,0.0
2015-06-09,0.001151260343292826
2015-06-10,0.0
2015-06-11,0.007589738604622642
2015-06-12,-0.006391293887629157
2015-06-15,-0.0020675431911726383
2015-06-16,0.0
2015-06-17,0.0023020785446543623
2015-06-18,0.015158471142262542
2015-06-19,0.0
2015-06-22,0.0
2015-06-23,0.0011312044388576137
2015-06-24,-0.007005680752339316
2015-06-25,-0.01115152205470682
2015-06-26,0.0
2015-06-29,-0.0032220802575416707
2015-06-30,0.0018471026049597938
2015-07-01,0.0
2015-07-02,0.0
2015-07-03,0.0
2015-07-06,0.0
2015-07-07,-0.009679607625104336
2015-07-08,-0.010239758643391772
2015-07-10,0.0
2015-07-13,0.020926391140215106
2015-07-14,0.0
2015-07-15,0.0
2015-07-16,0.0016122411900871825
2015-07-17,0.0
2015-07-20,0.0
2015-07-21,0.0
2015-07-22,0.0
2015-07-23,0.0
2015-07-24,0.0
2015-07-27,0.0
2015-07-28,-0.05794436331354291
2015-07-29,0.0
2015-07-30,0.0
2015-07-31,0.023431756306308005
2015-08-03,0.0
2015-08-04,0.0
2015-08-05,0.0
2015-08-06,-0.01264008527162952
2015-08-07,-0.01062807790311815
2015-08-10,-0.006835907850472056
2015-08-11,-0.0031956997822021327
2015-08-12,-0.009617740986096024
2015-08-13,0.0
2015-08-14,-0.019920299803290464
2015-08-17,0.002540611599858522
2015-08-18,0.003041123906899701
2015-08-19,-0.031076384538429314
2015-08-20,-0.004954332053942467
2015-08-21,-0.008123725747657184
2015-08-24,-0.030383031903367663
2015-08-25,0.00544961195590532
2015-08-26,0.03197832673118506
2015-08-27,0.03151252338605648
2015-08-28,-0.007891995117808914
2015-08-31,-0.010264344710012585
2015-09-01,-0.023852688001674283
2015-09-02,0.019389097281564682
2015-09-03,0.0143303601290794
2015-09-04,0.0
2015-09-08,0.0
2015-09-09,0.0025686738591625957
2015-09-10,-0.02305912732077864
2015-09-11,0.0
2015-09-14,0.022292117763192953
2015-09-15,0.0028219756706864274
2015-09-16,0.0005116515140854982
2015-09-17,0.019432327017965934
2015-09-18,-0.025081515595433923
2015-09-21,-0.005659825367923976
2015-09-22,0.00905558758870284
2015-09-23,0.0
2015-09-24,-0.0392307379306891
2015-09-25,0.0
2015-09-28,-0.023218647404295578
2015-09-29,0.0035519418998652963
2015-09-30,0.015518641490010587
2015-10-01,0.0056300023798392385
2015-10-02,0.036790219404595925
2015-10-05,0.011314025413005524
2015-10-06,0.0
2015-10-07,0.023900294506642217
2015-10-08,0.0
2015-10-09,0.0
2015-10-13,0.0
2015-10-14,-0.04395332599064905
2015-10-15,0.0
2015-10-16,0.014025997805904966
2015-10-19,-0.0012807181323774008
2015-10-20,0.0
2015-10-21,-0.0002565307976376552
2015-10-22,0.0
2015-10-23,0.031811228656460244
2015-10-26,0.0
2015-10-27,0.0
2015-10-28,0.0
2015-10-29,-0.042018955497602706
2015-10-30,-0.01868667087507747
2015-11-03,0.0
2015-11-04,0.05686320108680021
2015-11-05,0.0
2015-11-06,0.0
2015-11-09,-0.042542562609818146
2015-11-10,-0.01568213540102037
2015-11-11,0.0
2015-11-12,0.02389807566451041
2015-11-13,0.0
2015-11-16,0.0
2015-11-17,0.0
2015-11-18,0.0
2015-11-19,0.0
2015-11-23,0.03345428046907717
2015-11-24,-0.01104137123103588
2015-11-25,0.0
2015-11-26,0.0
2015-11-27,-0.03603141777323704
2015-11-30,-0.018689204206388865
2015-12-01,-0.006437711148821523
2015-12-02,-0.0016199074462188712
2015-12-03,0.040292095643890136
2015-12-04,-0.03041335967031178
2015-12-07,0.002949078085831891
2015-12-08,-0.02058274421022055
2015-12-09,0.037117921206510474
2015-12-10,-0.011052583393297732
2015-12-11,-0.004523735374118432
2015-12-14,-0.014701931015875025
2015-12-15,0.0
2015-12-16,0.00352688730229489
2015-12-17,0.02757492827204122
2015-12-18,-0.05024993243238496
2015-12-21,-0.006094111227277987
2015-12-22,-0.002508365382069888
2015-12-23,0.015926227444630348
2015-12-28,-0.0024752516797886814
2015-12-29,0.0
2015-12-30,-0.012682632441880504
2016-01-04,-0.02066466490053609
2016-01-05,-0.00456229965225019
2016-01-06,-0.004583209627941898
2016-01-07,-0.025899324485723962
2016-01-08,0.005022215400468877
2016-01-11,-0.021751959685759603
2016-01-12,-0.01382208838177057
2016-01-13,-0.014625214707482903
2016-01-14,0.0
2016-01-15,0.0
2016-01-18,-0.021335823463266235
2016-01-19,0.013902070753896822
2016-01-20,-0.031162355725927182
2016-01-21,0.006754553986555001
2016-01-22,0.008945709056566775
2016-01-26,-0.01266623240964626
2016-01-27,0.004490038110269046
2016-01-28,0.0
2016-01-29,0.07215843417150314
2016-02-01,-0.004466989806420574
2016-02-02,-0.021537577449308398
2016-02-03,0.0
2016-02-04,0.0
2016-02-05,0.03760316651369777
2016-02-10,0.0
2016-02-11,-0.04272236319718403
2016-02-12,0.015081497028493152
2016-02-15,0.0
2016-02-16,0.030321407334143125
2016-02-17,0.0
2016-02-18,0.01000589044050093
2016-02-19,-0.0014568542396603545
2016-02-22,0.04552090319384883
2016-02-23,-0.01758305989170217
2016-02-24,-0.016477324388735393
2016-02-25,-0.004621601743169057
2016-02-26,0.009866516587955676
2016-02-29,0.01436781640694762
2016-03-01,0.027478788715801006
2016-03-02,0.0
2016-03-03,0.04080505992713679
2016-03-04,0.0
2016-03-07,0.07046357211687715
2016-03-08,0.0
2016-03-09,-0.00989857776266545
2016-03-10,0.0
2016-03-11,0.013246753717280013
2016-03-14,-0.009373484448287006
2016-03-15,-0.033117480612817385
2016-03-16,0.0
2016-03-17,0.06644341732412795
2016-03-18,-0.0014489585489522172
2016-03-21,0.004836778000478548
2016-03-22,0.001203351094551941
2016-03-23,-0.020913436629714788
2016-03-24,-0.005155882318508054
2016-03-28,0.029121428722730824
2016-03-29,0.007194226176781449
2016-03-30,0.0
2016-03-31,0.0
2016-04-01,-0.015952337355840784
2016-04-04,-0.02758294589498722
2016-04-05,0.0
2016-04-06,-0.01741719263899133
2016-04-07,0.004558026913852098
2016-04-08,0.0
2016-04-11,0.03176209211970238
2016-04-12,0.020767126014743953
2016-04-13,0.03733847340522267
2016-04-14,-0.017997202966098746
2016-04-15,0.012922913987632123
2016-04-18,-0.0006958658982173516
2016-04-19,0.012534751111380249
2016-04-20,-0.005960530213198867
2016-04-22,-0.005765682575666675
2016-04-25,0.0
2016-04-26,-0.0025516262768306985
2016-04-27,0.023953459983648173
2016-04-28,0.0
2016-04-29,-0.007722011401639195
2016-05-02,-0.005493199160295115
2016-05-03,-0.017951727970035858
2016-05-04,0.0009374482597577227
2016-05-05,-0.01521886502259251
2016-05-06,-0.005468367444761535
2016-05-09,-0.005976571576776779
2016-05-10,0.02837894272523145
2016-05-11,0.004443462321432445
2016-05-12,0.0
2016-05-13,-0.009313190192631104
2016-05-16,0.0
2016-05-17,0.0
2016-05-18,-0.03266743630015778
2016-05-19,-0.014091302684829499
2016-05-20,0.0004927708763950989
2016-05-23,0.0
2016-05-24,-0.0059112776549119506
2016-05-25,0.010901848861621044
2016-05-27,-0.01960782480441492
2016-05-30,0.0
2016-05-31,0.0
2016-06-01,0.0
2016-06-02,0.012499999999999956
2016-06-03,0.0
2016-06-06,0.011111129949122223
2016-06-07,0.002686217540955882
2016-06-08,0.0
2016-06-09,0.0
2016-06-10,-0.018265951654055868
2016-06-13,0.005457638266210152
2016-06-14,0.0
2016-06-15,-0.015050595329974659
2016-06-16,0.0075151068516630115
2016-06-17,0.0
2016-06-20,0.0
2016-06-21,0.0181501621104021
2016-06-22,0.001220982567253115
2016-06-23,0.02463410540324884
2016-06-24,-0.028802645389596315
2016-06-27,0.0
2016-06-28,0.0007353577096855801
2016-06-29,0.0
2016-06-30,0.03306388473130828
2016-07-01,0.007823566002130411
2016-07-04,0.012938204504214568
2016-07-05,0.0
2016-07-06,-0.015327446037228687
2016-07-07,0.0
2016-07-08,0.020282942563796702
2016-07-11,0.02034214290935843
2016-07-12,0.012686936588910402
2016-07-13,-0.007830028698982638
2016-07-14,0.020518599294723883
2016-07-15,0.004639922822754716
2016-07-18,0.01275561910680878
2016-07-19,0.0
2016-07-20,0.008034721780993959
2016-07-21,0.0
2016-07-22,0.006893656228869949
2016-07-25,-0.007060372683014293
2016-07-26,0.0
2016-07-27,0.005171335472007765
2016-07-28,0.0
2016-07-29,0.003215384914798447
2016-08-01,-0.0064102402126319236
2016-08-02,-0.016344049925445248
2016-08-03,0.017708734780722102
2016-08-04,0.01374864447127444
2016-08-05,0.0
2016-08-08,0.0023310153327553707
2016-08-09,-0.0006342236740115581
2016-08-10,-0.0046541404394463415
2016-08-11,0.008076537179110277
2016-08-12,0.0056926092352187485
2016-08-15,0.013207569350915271
2016-08-16,0.0
2016-08-17,0.0
2016-08-18,0.0
2016-08-19,0.0016552454650646808
2016-08-22,-0.02499481694456851
2016-08-23,0.011016958672847466
2016-08-24,-0.003352888585901659
2016-08-25,-0.007569398653418324
2016-08-26,0.002330521368082872
2016-08-29,0.013316365147552744
2016-08-30,-0.0008343158526457062
2016-08-31,-0.009394587653537623
2016-09-01,0.004425691909296647
2016-09-02,0.017834630231692072
2016-09-05,0.003916768665850778
2016-09-06,0.00821350523439901
2016-09-08,0.006110041977209768
2016-09-09,-0.033400839573143104
2016-09-12,-0.003350782144756259
2016-09-13,-0.020172285803627066
2016-09-14,0.005361355227824438
2016-09-15,0.01237197105679888
2016-09-16,-0.015381364439915446
2016-09-19,0.009415763557012236
2016-09-20,0.001907995676945884
2016-09-21,0.0
2016-09-22,0.024756708108249814
2016-09-23,-0.010943604706941001
2016-09-26,-0.008977041575739086
2016-09-27,0.0025278897998517458
2016-09-28,0.020592551777561585
2016-09-29,0.0
2016-09-30,-0.01688284331843637
2016-10-03,0.017382237299574665
2016-10-04,0.0
2016-10-05,0.015232561463109917
2016-10-06,0.0036496412467470485
2016-10-07,0.006868689951270435
2016-10-10,0.007423734565650042
2016-10-11,-0.010157305931736582
2016-10-13,0.006036201860267321
2016-10-14,0.0
2016-10-17,0.017399978637695268
2016-10-18,0.02280322138330204
2016-10-19,0.0005766402978675256
2016-10-20,-0.0030733738607658934
2016-10-21,0.007321719503774693
2016-10-24,-0.0005738098698799821
2016-10-25,-0.006315824517793112
2016-10-26,-0.001348222212882999
2016-10-27,0.011957623236796833
2016-10-28,0.0017152687344017536
2016-10-31,0.003234363860418421
2016-11-01,-0.022188472958513006
2016-11-03,0.0017455420905887475
2016-11-04,-0.03000973874088253
2016-11-07,0.0343313627363
2016-11-08,-0.002508704532628858
2016-11-09,-0.0030953734119357756
2016-11-10,-0.026004272934822215
2016-11-11,-0.044630363121339056
2016-11-14,0.005630874941974007
2016-11-16,0.023019506060795836
2016-11-17,-0.006284235998058718
2016-11-18,-0.005915971293741884
2016-11-21,0.012312790774773319
2016-11-22,0.01581185384845951
2016-11-23,-0.0007982621241293675
2016-11-24,-0.0007988998556250904
2016-11-25,-0.005396771224295938
2016-11-28,0.01808684799511817
2016-11-29,-0.009672358467088027
2016-11-30,0.0005980186384122455
2016-12-01,-0.04143429879368177
2016-12-02,0.013092291814200241
2016-12-05,-0.00041026580028047377
2016-12-06,0.012517968727310258
2016-12-07,0.0066882451426200085
2016-12-08,-0.01046902883502654
2016-12-09,0.0038656891314428066
2016-12-12,-0.027563855009032245
2016-12-13,0.0008336997896827292
2016-12-14,-0.0008330053133283055
2016-12-15,-0.00958730906338845
2016-12-16,0.0029461150736491692
2016-12-19,-0.020142658152458748
2016-12-20,-0.000428275319848459
2016-12-21,0.001499565003568737
2016-12-22,-0.0027807715104862796
2016-12-23,0.011368567270207741
2016-12-26,0.013149499720471303
2016-12-27,-0.004605426388840872
2016-12-28,0.021030494554048262
2016-12-29,0.007209110078650438
2017-01-02,-0.008179990049023145
2017-01-03,0.029484542374758282
2017-01-04,0.003004236430244056
2017-01-05,0.011581429615638905
2017-01-06,-0.012830665768588823
2017-01-09,0.007398575464912849
2017-01-10,-0.0001985338630093869
2017-01-11,0.0047647743409990895
2017-01-12,0.0268721713880673
2017-01-13,-0.00788916370563364
2017-01-16,0.0029091874939193296
2017-01-17,0.008509039822017117
2017-01-18,0.0015339983512314692
2017-01-19,-0.012062053870128375
2017-01-20,0.014534884150745553
2017-01-23,0.01719200672610932
2017-01-24,0.0033802874211414924
2017-01-26,0.005053349358441261
2017-01-27,-0.002420876466820321
2017-01-30,-0.027067402859805245
2017-01-31,0.006523410582418343
2017-02-01,0.0049561978796797135
2017-02-02,-0.003224620252395227
2017-02-03,0.00228351919366232
2017-02-06,-0.007594412855276733
2017-02-07,-0.004974213391112592
2017-02-08,0.006729519325392008
2017-02-09,0.0040106776551707135
2017-02-10,0.021875623598151428
2017-02-13,0.0076321637769081185
2017-02-14,0.004064241671250413
2017-02-15,0.013615486646593844
2017-02-16,-0.0018151837691798844
2017-02-17,-0.0003637108047498394
2017-02-20,0.0118245897170699
2017-02-21,0.005213968376419631
2017-02-22,-0.00751204024488572
2017-02-23,-0.012975332472958345
2017-02-24,-0.011320046132971662
2017-03-01,0.004432093388858638
2017-03-02,-0.014340849201136874
2017-03-03,0.01063233889824211
2017-03-06,-0.005352545476077442
2017-03-07,-0.0031545401905862525
2017-03-08,-0.016567374710063087
2017-03-09,-0.007760811052411665
2017-03-10,0.006295342285040029
2017-03-13,0.010047370223637442
2017-03-14,-0.007507464721209223
2017-03-15,0.006618730466178668
2017-03-16,0.005072336278143963
2017-03-17,-0.02037383462781106
2017-03-20,0.0024804630508246106
2017-03-21,-0.022268784987721668
2017-03-22,0.0033093631920841915
2017-03-23,-0.0007761139855799737
2017-03-24,0.007184445279315943
2017-03-27,0.00751878538036177
2017-03-28,0.00918490953597706
2017-03-29,0.009290820026075064
2017-03-30,-0.002817916822686062
2017-03-31,-0.005275105206012376
2017-04-03,0.0037878932922232877
2017-04-04,0.006037730091023041
2017-04-05,-0.013315811863021776
2017-04-06,-0.010454271634285583
2017-04-07,0.006146747721531787
2017-04-10,0.00267276416177209
2017-04-11,0.0015231914634454835
2017-04-12,-0.0070342004300020244
2017-04-13,-0.013785204423003794
2017-04-17,0.011454089920660104
2017-04-18,0.004414651893854371
2017-04-19,-0.01223013915443627
2017-04-20,0.004256166116233029
2017-04-24,0.01155843721604266
2017-04-25,0.0076176259505778
2017-04-26,0.0011340270924977691
2017-04-27,-0.00434207168087497
2017-04-28,0.011566112556711472
2017-05-02,0.019681407343753676
2017-05-03,-0.006066209959529112
2017-05-04,-0.019049357963940805
2017-05-05,0.013951694023310202
2017-05-08,-0.003346974883998599
2017-05-09,0.012873180243454518
2017-05-10,0.014367264066001972
2017-05-11,0.005810780762620871
2017-05-12,0.005235618680680787
2017-05-15,0.004489942504126709
2017-05-16,0.0008939609652731662
2017-05-17,-0.016613081685970865
2017-05-18,-0.08083561897569724
2017-05-19,0.010474359880963346
2017-05-22,-0.01505966050612595
2017-05-23,0.01727559414893931
2017-05-24,0.015030264779308578
2017-05-25,-0.007115364074707031
2017-05-26,0.013170642864768878
2017-05-29,-0.0007646896286982452
2017-05-30,0.002487106695556296
2017-05-31,-0.019465657024073213
2017-06-01,-0.00681203350607873
2017-06-02,0.004311213520788559
2017-06-05,-0.0017561005383003314
2017-06-06,0.008209577499907361
2017-06-07,0.0031019744422688955
2017-06-08,-0.006957877825144898
2017-06-09,-0.0029194535375748343
2017-06-12,-0.012492668267950924
2017-06-13,0.003953365533429842
2017-06-14,-0.002559579952192692
2017-06-15,0.0
2017-06-16,-0.0011843934755574326
2017-06-19,0.0069170414895836085
2017-06-20,-0.016683067244164684
2017-06-21,-0.003393177128201419
2017-06-22,0.008011246213380119
2017-06-23,-0.0017882008605920596
2017-06-26,0.0077627264454409595
2017-06-27,-0.0001975535457131583
2017-06-28,0.004148615243009024
2017-06-29,0.0007868797833809893
2017-06-30,0.015922968159987727
2017-07-03,0.003095972261363933
2017-07-04,0.0009644914528044168
2017-07-05,-0.004817884042023546
2017-07-06,-0.007939578858598861
2017-07-07,-0.0011712155734365792
2017-07-10,0.01231192281921123
2017-07-11,0.010231710459465582
2017-07-12,0.016051907290248524
2017-07-13,0.006018497659237898
2017-07-14,0.0031781298113839895
2017-07-17,-0.0016772298330938185
2017-07-18,0.0003733518364310573
2017-07-19,-0.002612416295014297
2017-07-20,-0.0029934489266284503
2017-07-21,-0.0028148155995846302
2017-07-24,0.004328181123034236
2017-07-25,0.009555970515970458
2017-07-26,-0.00668152567214042
2017-07-27,0.0005605153034433652
2017-07-28,0.0018674564004317329
2017-07-31,0.007455688719574249
2017-08-01,0.00814065583010315
2017-08-02,0.010644118159141458
2017-08-03,-0.005266041712990943
2017-08-04,0.0014604204607051585
2017-08-07,0.014035735493928891
2017-08-08,0.005033233397821357
2017-08-09,-0.009837224799885358
2017-08-10,-0.010115631631447353
2017-08-11,0.00802924174328612
2017-08-14,0.012852988104622431
2017-08-15,0.0
2017-08-16,0.00661302818301035
2017-08-17,-0.01047585503879378
2017-08-18,0.009151303434767666
2017-08-21,-0.00035562690552570775
2017-08-22,0.02081106623161122
2017-08-23,0.004878877544427729
2017-08-24,0.009016828060932403
2017-08-25,-0.0008592410764828307
2017-08-28,-0.0012039851317350303
2017-08-29,0.00378855212432061
2017-08-30,-0.005489787095525278
2017-08-31,-0.0008625677195941428
2017-09-01,0.018473818082666682
2017-09-04,0.0003389835988716339
2017-09-05,0.002033600237169253
2017-09-06,0.012007425530988325
2017-09-07,0.0
2017-09-08,-0.0008355487455389277
2017-09-11,0.019568458789594567
2017-09-12,0.004757232937708578
2017-09-13,0.0021224664182080133
2017-09-14,-0.0035842492159454675
2017-09-15,0.01340745089715556
2017-09-18,0.0020974680392928935
2017-09-19,-0.0003220167053151757
2017-09-20,-0.004670654128114959
2017-09-21,0.0009708960199312777
2017-09-22,-0.005819602437755589
2017-09-25,-0.011382126226657796
2017-09-26,0.003947396076947607
2017-09-27,-0.012614686209282189
2017-09-28,-0.0008295874677416437
2017-09-29,0.0071404898116798066
2017-10-02,0.0
2017-10-03,0.028194543140168227
2017-10-04,0.0016035675616157263
2017-10-05,0.003682349433359322
2017-10-06,-0.009889917777420654
2017-10-09,-0.007894278494903761
2017-10-10,0.019324433116675754
2017-10-11,-0.004460710168152415
2017-10-12,0.0
2017-10-13,0.004800755784967858
2017-10-16,-0.0012741173735977274
2017-10-17,-0.008611081540599974
2017-10-18,0.0053080559880009925
2017-10-19,-0.0110399780273438
2017-10-20,0.011486799364147204
2017-10-23,0.0
2017-10-24,-0.0046385302847727905
2017-10-25,-0.0014462502530923071
2017-10-26,0.00016096131845366735
2017-10-27,0.0004826834844788852
2017-10-30,-0.022354444883023517
2017-10-31,0.0018095181558628326
2017-11-01,-0.005090334409257546
2017-11-02,0.0
2017-11-03,-0.005446473514171046
2017-11-06,0.005144397310416826
2017-11-07,-0.02014200473584249
2017-11-08,0.019376605820476067
2017-11-09,-0.014049561555720569
2017-11-10,-0.01525565505672799
2017-11-13,-0.0039156171324712385
2017-11-14,-0.00854554801475682
2017-11-15,0.0
2017-11-16,0.02292711376550738
2017-11-17,0.008594511631644597
2017-11-20,0.0
2017-11-21,0.014202210701574236
2017-11-22,-0.001482704307358751
2017-11-23,0.0009898953636291452
2017-11-24,-0.0026372152998350717
2017-11-27,-0.0038010171643729773
2017-11-28,0.00763110332589978
2017-11-29,-0.02271980622293046
2017-11-30,-0.0202156460680728
2017-12-01,0.0056740342489765005
2017-12-04,0.019319494289465444
2017-12-05,-0.007044585314822882
2017-12-06,0.003716172350855418
2017-12-07,-0.00639510712096536
2017-12-08,0.006436267742638613
2017-12-11,-0.0010097199670582313
2017-12-12,-0.0013477397276295822
2017-12-13,-0.0001686626474205477
2017-12-14,-0.005736462796725905
2017-12-15,0.004921108332352597
2017-12-18,0.0062478710614315425
2017-12-19,-0.006544712009561859
2017-12-20,0.007432409139163987
2017-12-21,0.022635853498225833
2017-12-22,0.0026233783080644724
2017-12-25,0.0
2017-12-26,0.008013047449592747
2017-12-27,0.005029224146019029
2017-12-28,0.004196905864910727
2017-12-29,0.0
2018-01-02,0.018003580824060395
2018-01-03,0.0037896392993919115
2018-01-04,0.00959573089948007
2018-01-05,-0.00031157125227987414
2018-01-08,0.004364070500548101
2018-01-09,-0.006828094735197077
2018-01-10,-0.006406247615814209
2018-01-11,0.010850741076478876
2018-01-12,-0.0018667566811800818
2018-01-15,0.008884034636688076
2018-01-16,0.0007723686045186806
2018-01-17,0.015282461908380451
2018-01-18,-0.0025847373821210606
2018-01-19,0.005030515834308691
2018-01-22,0.0033368909401605418
2018-01-23,-0.010128467928805729
2018-01-24,0.02978003738962398
2018-01-25,0.0
2018-01-26,0.025804506241948966
2018-01-29,-0.008963353095270965
2018-01-30,-0.007148146919761511
2018-01-31,0.014546070065779126
2018-02-01,0.006082522090991027
2018-02-02,-0.01972078195636695
2018-02-05,-0.01629956879915906
2018-02-06,0.011195701207890707
2018-02-07,-0.0042810883476931405
2018-02-08,-0.018235667652926613
2018-02-09,-0.011174839174393991
2018-02-14,0.035583293863918675
2018-02-15,0.008848342797788344
2018-02-16,-0.0008771405463542381
2018-02-19,0.0040965440460527525
2018-02-20,0.013259561394839636
2018-02-21,0.0037388860052836037
2018-02-22,0.002865285666160844
2018-02-23,0.005714307512555861
2018-02-26,0.004971569126918762
2018-02-27,-0.002685546875
2018-02-28,-0.01162131126979249
2018-03-01,-0.011184382035980711
2018-03-02,0.0
2018-03-05,0.009570818893151367
2018-03-06,-0.0008618958003593358
2018-03-07,-0.007475512669884554
2018-03-08,-0.00028974901789780017
2018-03-09,0.013184637878431271
2018-03-12,0.008294034441921116
2018-03-13,-0.00865126353524992
2018-03-14,-0.001430593303836658
2018-03-15,-0.014040162092928687
2018-03-16,0.0005812396934716801
2018-03-19,-0.010310762099614679
2018-03-20,0.004255332487662855
2018-03-21,0.0027760783932522237
2018-03-22,-0.00043710885177661307
2018-03-23,0.0058309261629183595
2018-03-26,-0.001594211744225582
2018-03-27,-0.010596541355881506
2018-03-28,-0.001760603581785647
2018-03-29,0.020576153836579625
2018-04-02,-0.013536901042009997
2018-04-03,-0.00029192179658987794
2018-04-04,-0.00292062745082311
2018-04-05,0.013473904296908978
2018-04-06,-0.011849707095182849
2018-04-09,-0.011406826712878959
2018-04-10,0.012278133872627661
2018-04-11,0.008183509514779308
2018-04-12,0.0010146354108089284
2018-04-13,-0.012742503395997584
2018-04-16,-0.013933660076121623
2018-04-17,0.013833114067216101
2018-04-18,0.02215367408607327
2018-04-19,-0.005023661307875571
2018-04-20,-0.0005770472548102257
2018-04-23,-0.0004330077919377784
2018-04-24,-0.0011552610982625833
2018-04-25,-0.0014456914380256425
2018-04-26,0.012595957006312553
2018-04-27,0.0002859113864510654
2018-04-30,-0.002858732859626012
2018-05-02,-0.018061956674970903
2018-05-03,-0.011678876667997273
2018-05-04,-0.0013293403537290027
2018-05-07,-0.0088744042109834
2018-05-08,0.004775401949304037
2018-05-09,0.012624364339896
2018-05-10,0.018040530235084562
2018-05-11,-0.004898486519901546
2018-05-14,-0.00506730093626051
2018-05-15,-0.0013097201060299213
2018-05-16,0.018505089950265008
2018-05-17,-0.03433478502844323
2018-05-18,-0.009629652235243036
2018-05-21,-0.007030684090218342
2018-05-22,0.011449264351865107
2018-05-23,-0.02189456708469628
2018-05-24,-0.014618533748134488
2018-05-25,0.0
2018-05-28,-0.054705624565165145
2018-05-29,0.007356560019776248
2018-05-30,0.0061668463924398065
2018-06-01,0.0
2018-06-04,0.024677399666078736
2018-06-05,-0.014953517495608248
2018-06-06,-0.017577536858947362
2018-06-07,-0.0330188483150895
2018-06-08,-0.00151387975496875
2018-06-11,-0.013477075957459395
2018-06-12,0.0003415378636379973
2018-06-13,0.002731304923368816
2018-06-14,-0.009703838836123801
2018-06-15,-0.01495614507942733
2018-06-18,-0.006108175894960932
2018-06-19,0.018963968426497946
2018-06-20,0.00861623316418858
2018-06-21,-0.01879375528895766
2018-06-22,-0.0029601598944665186
2018-06-25,0.006112509589207171
2018-06-26,0.0019094013050886538
2018-06-27,-0.013340270988897451
2018-06-28,0.02019311142713809
2018-06-29,0.012736690153209107
2018-07-02,0.003399061224010902
2018-07-03,0.011178859030785304
2018-07-04,0.010720257646055886
2018-07-05,-0.001988712820373051
2018-07-06,0.006808366640669528
2018-07-10,-0.0004948473274878351
2018-07-11,-0.0036303203225295233
2018-07-12,0.013249407467847751
2018-07-13,0.010787836615232527
2018-07-16,0.0008085258236929516
2018-07-17,0.02326712644380957
2018-07-18,-0.006789835666243804
2018-07-19,-0.017806084569349845
2018-07-20,0.03188736257086644
2018-07-23,-0.0062745337392769995
2018-07-24,0.013417497941508705
2018-07-25,0.014018716022751176
2018-07-26,-0.010752641546074027
2018-07-27,0.005434758786153848
2018-07-30,0.004787607082529011
2018-07-31,-0.012450009053016853
2018-08-01,0.0007782576149075737
2018-08-02,0.0038880246988288736
2018-08-03,0.02246315847699565
2018-08-06,-0.004545500784209233
2018-08-07,-0.023592016656931558
2018-08-08,0.0007793518499468188
2018-08-09,-0.0031152174104217556
2018-08-10,-0.02968752384185791
2018-08-13,0.012882497124234282
2018-08-14,0.014308389337818195
2018-08-15,-0.018808789612686838
2018-08-16,-0.0023961296299974677
2018-08-17,-0.009607722681957531
2018-08-20,0.004042037286461797
2018-08-21,-0.01529785783550508
2018-08-22,0.020441536693519113
2018-08-23,-0.016025640633762994
2018-08-24,0.008143322273196585
2018-08-27,0.020193860568442856
2018-08-28,-0.004750642034978769
2018-08-29,0.011933174514058509
2018-08-30,-0.02515720931616272
2018-08-31,0.004838697371944312
2018-09-03,-0.0064205090863579395
2018-09-04,-0.019386118471059532
2018-09-05,0.00576603739245396
2018-09-06,0.016380016584716772
2018-09-10,0.0008057894871122961
2018-09-11,-0.022544247110812154
2018-09-12,0.00428333308509532
2018-09-13,-0.003116775419331974
2018-09-14,0.007075864767758899
2018-09-17,0.01715685006488421
2018-09-18,0.019277120689790372
2018-09-19,0.00567376841643541
2018-09-20,-0.007992510974054623
2018-09-21,0.014217973491770897
2018-09-24,-0.01635506966160427
2018-09-25,0.007917656182400812
2018-09-26,0.007069865474539361
2018-09-27,0.005148234616384917
2018-09-28,-0.0034145773655297473
2018-10-01,-0.01261481965648592
2018-10-02,0.04069403421073381
2018-10-03,0.015459178405137441
2018-10-04,-0.004776114848122681
2018-10-05,0.0002998896666899231
2018-10-08,0.04047983060226934
2018-10-09,-0.0007205050527148149
2018-10-10,-0.021629416481670827
2018-10-11,-0.011053795384919018
2018-10-15,0.003427769927927704
2018-10-16,0.018565275003801673
2018-10-17,0.00933215766346951
2018-10-18,0.0
2018-10-19,-0.013290929683921315
2018-10-22,0.014934064384937829
2018-10-23,-0.003173704871201166
2018-10-24,-0.023878459657229345
2018-10-25,0.01186068329064116
2018-10-26,0.017582372868017337
2018-10-29,-0.020878286709253624
2018-10-30,0.03676470588235303
2018-10-31,0.004255362436281107
2018-11-01,0.013418035413751417
2018-11-05,0.010174262814405477
2018-11-06,-0.006622562564874368
2018-11-07,-0.011111153496636272
2018-11-08,-0.02387636265599813
2018-11-09,0.0007194683706159832
2018-11-12,-0.0007189511080337718
2018-11-13,-0.0038848437851281004
2018-11-14,0.005344433038373397
2018-11-16,0.031609261865928495
2018-11-19,-0.005571051655674175
2018-11-21,-0.011904740279494397
2018-11-22,0.006378411463881184
2018-11-23,-0.011267648616307246
2018-11-26,-0.011680907841474686
2018-11-27,0.03127710989110688
2018-11-28,0.01537384244869111
2018-11-29,0.0048175976155544475
2018-11-30,-0.0008218843642979756
2018-12-03,0.0008225604138407672
2018-12-04,-0.0121917724609375
2018-12-05,0.004714967896447542
2018-12-06,-0.0013802412468357783
2018-12-07,-0.009536901542002374
2018-12-10,-0.018978517176251097
2018-12-11,0.003556187612338224
2018-12-12,0.00496099870986999
2018-12-13,0.011988694722535831
2018-12-14,-0.006968641114982632
2018-12-17,-0.0147368849369518
2018-12-18,0.010683761148208681
2018-12-19,-0.013389668627261653
2018-12-20,0.02128568376813611
2018-12-21,-0.020842046556063032
2018-12-26,-0.0035714285714285587
2018-12-27,-0.00043009002576166466
2018-12-28,0.02768216109271493
2019-01-02,0.03558960736996308
2019-01-03,-0.0022910805382363453
2019-01-04,0.013778255967582087
2019-01-07,-0.004663638764601297
2019-01-08,0.003346720350915433
2019-01-09,0.01334222869536017
2019-01-10,0.006583278737203102
2019-01-11,-0.0006539623853369925
2019-01-14,0.007853383012274673
2019-01-15,-0.0032467532467532756
2019-01-16,0.003908834550590434
2019-01-17,0.00973393861511207
2019-01-18,0.004884283271366474
2019-01-21,0.0015349545422562727
2019-01-22,-0.008940032571569612
2019-01-23,0.008376308487888284
2019-01-24,0.016613457530451292
2019-01-28,-0.0194846384952283
2019-01-29,0.0019230964856269406
2019-01-30,0.012795905060460688
2019-01-31,0.00694877336399613
2019-02-01,0.0
2019-02-04,0.010037679829239421
2019-02-05,-0.00248443413965449
2019-02-06,-0.03549198001497755
2019-02-07,-0.003873407800955242
2019-02-08,0.00907319422420727
2019-02-11,-0.008349409616173364
2019-02-12,0.01683941843455483
2019-02-13,-0.0031847133757961776
2019-02-14,0.011245971289686407
2019-02-15,0.0059396087074023995
2019-02-18,-0.01005019394093798
2019-02-19,0.0069796370693289145
2019-02-20,-0.006301197348643539
2019-02-21,0.0031705771063781363
2019-02-22,0.0094816689566104
2019-02-25,-0.0043831995091963005
2019-02-26,0.005282995835790061
2019-02-27,-0.005255232464563719
2019-02-28,-0.016981112882026306
2019-03-01,-0.00959692879534546
2019-03-06,-0.00452194402094519
2019-03-07,0.00129783867826605
2019-03-08,0.011017478383794632
2019-03-11,0.023076962202023266
2019-03-12,0.0018796226910804403
2019-03-13,0.010631721525466764
2019-03-14,-0.0037129089161747064
2019-03-15,0.003726745984569124
2019-03-18,0.009282177867240504
2019-03-19,-0.0024525391802839858
2019-03-20,-0.015365704037445638
2019-03-21,-0.01997501254182954
2019-03-22,-0.02038214616714773
2019-03-25,-0.002600839709598901
2019-03-26,0.017601123301564492
2019-03-27,-0.032671402332512534
2019-03-28,0.023046329321450676
2019-03-29,0.010486861864197783
2019-04-01,0.0030749244636207873
2019-04-02,-0.0008941077277511145
2019-04-03,-0.0092048224171154
2019-04-04,0.014580609721522197
2019-04-05,0.010428586079959112
2019-04-08,0.0006293650557391839
2019-04-09,-0.010062931468651781
2019-04-10,-0.003176620199419
2019-04-11,-0.011472197979537802
2019-04-12,-0.017408201810315993
2019-04-15,0.0006562080545984283
2019-04-16,0.013114754098360715
2019-04-17,-0.011003216493476908
2019-04-18,0.011780124449003448
2019-04-22,0.0032341525243226865
2019-04-23,0.010960650427747742
2019-04-24,-0.009566326344425335
2019-04-25,0.013522155849711615
2019-04-26,0.0
2019-04-29,0.0
2019-04-30,0.0019059915082024759
2019-05-02,-0.0063411542127562726
2019-05-03,0.0038290115839236805
2019-05-06,-0.008900248748328288
2019-05-07,-0.007055746554146425
2019-05-08,0.013565832062835348
2019-05-09,-0.00764816440358751
2019-05-10,-0.005780307733618928
2019-05-13,-0.03617574930953493
2019-05-14,0.01313677449033146
2019-05-15,-0.004763172818601946
2019-05-16,-0.015554349241665433
2019-05-17,-0.0020256788615398147
2019-05-20,0.022327489740322948
2019-05-21,0.026472533675873544
2019-05-22,0.0006446862720290714
2019-05-23,-0.005798929859415658
2019-05-24,-0.0025924118429165866
2019-05-27,0.012345738990421351
2019-05-28,0.01412064765821186
2019-05-29,0.0037975069842761666
2019-05-30,0.008827199512026596
2019-05-31,-0.0013750076293945757
2019-06-03,-0.0011265031740916864
2019-06-04,0.0037593409886049756
2019-06-05,-0.01335829856688342
2019-06-06,0.010881951456854333
2019-06-07,0.00700960774655246
2019-06-10,-0.003107520316760759
2019-06-11,0.013715787348789199
2019-06-12,-0.006150061269760143
2019-06-13,0.0049504193239715555
2019-06-14,-0.0055418345462380225
2019-06-17,-0.004953579267850228
2019-06-18,0.01680147479474936
2019-06-19,0.008567987806415545
2019-06-21,0.014077621495559356
2019-06-24,0.002273844506434086
2019-06-25,-0.016119384765625022
2019-06-26,0.0030339805263410735
2019-06-27,0.0012099028708401072
2019-06-28,0.0018127072613765005
2019-07-01,0.004221935677671151
2019-07-02,-0.006606643264358114
2019-07-03,0.030229747185657407
2019-07-04,0.0
2019-07-05,0.00410805300530992
2019-07-08,0.007013424345035935
2019-07-10,0.010446912477518167
2019-07-11,-0.005743825186343865
2019-07-12,-0.010976366772264656
2019-07-15,-0.0015186595296174943
2019-07-16,-0.0008189972367435017
2019-07-17,0.001756458117081472
2019-07-18,0.007013424345035935
2019-07-19,-0.010446912477518056
2019-07-22,0.0035190973813232773
2019-07-23,-0.001753378381391224
2019-07-24,0.0029274004160788625
2019-07-25,-0.016929416833677546
2019-07-26,0.005344472612194284
2019-07-29,0.005315970940704684
2019-07-30,-0.0035252106667723604
2019-07-31,-0.009433997912352998
2019-08-01,0.0016666594005765312
2019-08-02,0.0024958294033277095
2019-08-05,-0.023947797031509732
2019-08-06,0.021498804854863662
2019-08-07,0.009631453064027573
2019-08-08,0.01283707797526601
2019-08-09,-0.00011630390965666759
2019-08-12,-0.018490480025474487
2019-08-13,0.011848341018019681
2019-08-14,-0.03091334124681988
2019-08-15,-0.013653997748240831
2019-08-16,0.011882901547721314
2019-08-19,-0.0018159991361973438
2019-08-20,-0.0024256756294088744
2019-08-21,0.01823708206686936
2019-08-22,-0.010029807019589554
2019-08-23,-0.0290677066175401
2019-08-26,-0.008074553116508176
2019-08-27,0.00688795319058233
2019-08-28,0.01181588221657437
2019-08-29,0.025814364025945835
2019-08-30,0.005392505621250265
2019-09-02,-0.005721136450582032
2019-09-03,-0.007432212069003685
2019-09-04,0.013285005236455039
2019-09-05,0.01048864406929173
2019-09-06,0.0037744715667813455
2019-09-09,-0.00470037054114103
2019-09-10,-0.0028335049872101337
2019-09-11,0.012905564516937584
2019-09-12,0.0075978243518135535
2019-09-13,-0.008120614536245241
2019-09-16,-0.005847953216374324
2019-09-17,0.016470606186810732
2019-09-18,-0.004513881744916626
2019-09-19,0.00151142018589967
2019-09-20,0.001393112925845319
2019-09-23,0.002782261277834319
2019-09-24,-0.007514468507270555
2019-09-25,0.004659307314949901
2019-09-26,0.006956504047780809
2019-09-27,-0.0016119676696385588
2019-09-30,-0.001268603523388312
2019-10-01,-0.008660508235737718
2019-10-02,-0.026790861540394784
2019-10-03,0.004189089902298049
2019-10-04,0.007151352362443353
2019-10-07,-0.009349123260678605
2019-10-08,-0.012662735278781923
2019-10-09,0.013914113788840332
2019-10-10,-0.0011933902132897911
2019-10-11,0.02329754657987082
2019-10-14,0.0007004968771147091
2019-10-15,0.006300325764735382
2019-10-16,0.00347829625226459
2019-10-17,0.0005776478405596919
2019-10-18,-0.0030023341895111244
2019-10-21,0.008339138883969976
2019-10-22,0.01114175566166642
2019-10-23,0.003635120973095818
2019-10-24,-0.005998854425018685
2019-10-25,0.007743114410598828
2019-10-28,0.005649717514124353
2019-10-29,-0.005617977528089901
2019-10-30,0.008135607013594726
2019-10-31,-0.013898204963057048
2019-11-01,0.013298455606993498
2019-11-04,0.004935443684585872
2019-11-05,-0.0003348451894532589
2019-11-06,-0.005024530599699761
2019-11-07,0.008416563739904959
2019-11-08,-0.016470101790352132
2019-11-11,0.010522746481979706
2019-11-12,-0.015787661754102955
2019-11-13,-0.007963646933847102
2019-11-14,0.008027575712556523
2019-11-18,0.0011376390487507493
2019-11-19,-0.005681818181818232
2019-11-21,0.01314287458147323
2019-11-22,0.01071626544715687
2019-11-25,-0.0016741242012657809
2019-11-26,-0.012856276531231003
2019-11-27,0.0
2019-11-28,0.011325027921163633
2019-11-29,-0.005599103951992035
2019-12-02,0.009909878639362768
2019-12-03,-0.0011150588066548561
2019-12-04,0.009488707934212526
2019-12-05,0.006413820956511662
2019-12-06,0.007581527258716969
2019-12-09,-0.007633554760501093
2019-12-10,0.0027472527472527375
2019-12-11,0.00010961245184071267
2019-12-12,0.00832779409430029
2019-12-13,0.009019798536552326
2019-12-16,-0.0010769895074254077
2019-12-17,0.00215630132875666
2019-12-18,0.012802608719491237
2019-12-19,0.00562989996529728
2019-12-20,0.0013732426885706417
2019-12-23,0.00949360619738604
2019-12-26,0.00929988942559512
2019-12-27,-0.0017599976746103252
2019-12-30,-0.005911633537116212
2020-01-02,0.023474178777451726
2020-01-03,-0.006116192491882444
2020-01-06,-0.004102579752604196
2020-01-07,-0.0030895512572354233
2020-01-08,-0.009297536131250839
2020-01-09,-0.0010427369398331443
2020-01-10,-0.004488520787869543
2020-01-13,0.018139830950157476
2020-01-14,0.005149330667942875
2020-01-15,-0.011270476345476177
2020-01-16,-0.0015544199572943285
2020-01-17,0.021276627755302258
2020-01-20,0.006097545374156299
2020-01-21,-0.017171686345880732
2020-01-22,0.0059608857499380274
2020-01-23,0.015018402757993377
2020-01-24,-0.008052294259185744
2020-01-27,-0.03348557026451504
2020-01-28,0.016062979310203396
2020-01-29,-0.013122511459858432
2020-01-30,0.005130330361323043
2020-01-31,-0.016666650772094727
2020-02-03,0.011016958672847466
2020-02-04,0.0037720096515354573
2020-02-05,0.004697254007383078
2020-02-06,-0.0025974025974025983
2020-02-07,-0.015104134877522823
2020-02-10,-0.012585958783680073
2020-02-11,0.020137074133754096
2020-02-12,0.018374632919492262
2020-02-13,-0.010207216059124669
2020-02-14,-0.0072916348775228235
2020-02-17,0.00545641790571616
2020-02-18,0.0008349178804998303
2020-02-19,0.01147026544962304
2020-02-20,-0.010309278350515427
2020-02-21,0.003125031789143806
2020-02-26,-0.08203531957971943
2020-02-27,-0.016968325498963654
2020-02-28,-0.014039139232233544
2020-03-02,0.04108306058040201
2020-03-03,-0.010089618018783053
2020-03-04,0.038505025809471904
2020-03-05,-0.062268258173394764
2020-03-06,-0.04640072058253475
2020-03-09,-0.1096341202898723
2020-03-10,0.0587590849199342
2020-03-11,-0.055627462897752444
2020-03-12,-0.16575340375508352
2020-03-13,0.10673234543742804
2020-03-16,-0.1023739075618505
2020-03-17,0.033884284910091766
2020-03-18,-0.10471621609836423
2020-03-19,0.03410714013235916
2020-03-20,-0.0372992549318516
2020-03-23,-0.06547087938796248
2020-03-24,0.12092136729883252
2020-03-25,0.08202049615884821
2020-03-26,0.01756614099022391
2020-03-27,-0.038102713240380504
2020-03-30,0.0024252470425147887
2020-03-31,-0.016129032258064502
2020-04-01,-0.024590163934426257
2020-04-02,0.006722714720653888
2020-04-03,-0.03572626293542158
2020-04-06,0.07340723340855959
2020-04-07,0.032258064516129004
2020-04-08,0.02734375
2020-04-09,-0.006083673397397793
2020-04-13,-0.00045904789590400785
2020-04-14,0.025719539391070967
2020-04-15,-0.011194029850746245
2020-04-16,-0.015849102668042403
2020-04-17,0.013036904038360442
2020-04-20,-0.0007570484397801946
2020-04-22,0.022727272727272707
2020-04-23,-0.01037032515914349
2020-04-24,-0.055389287553922584
2020-04-27,0.038827331804794474
2020-04-28,0.0373760005214292
2020-04-29,0.026470633114085373
2020-04-30,-0.04154729798118362
2020-05-04,-0.015246700286940529
2020-05-05,0.009411092477692229
2020-05-06,-0.007518796992481258
2020-05-07,-0.007575757575757569
2020-05-08,0.022748058988847797
2020-05-11,-0.01492760161052098
2020-05-12,-0.025458408237017838
2020-05-13,0.010573788384243388
2020-05-14,0.013848308285306699
2020-05-15,-0.018212125654241684
2020-05-18,0.048075444318748994
2020-05-19,-0.0044248235730726115
2020-05-20,0.0051851625795718
2020-05-21,0.02431837233582601
2020-05-22,-0.011510835277090847
2020-05-25,0.04512381719392411
2020-05-26,-0.004178315306498703
2020-05-27,0.027972027972027913
2020-05-28,-0.010476144803624576
2020-05-29,-0.0038499435689178796
2020-06-01,0.02139410789575491
2020-06-02,0.0256756962956608
2020-06-03,0.022397851305214544
2020-06-04,0.007731939251534703
2020-06-05,0.010230218452403683
2020-06-08,0.03151896030088008
2020-06-09,-0.012394091708339383
2020-06-10,-0.025720671079543123
2020-06-12,-0.020533102093573508
2020-06-15,0.003906190240137164
2020-06-16,0.01154344237694338
2020-06-17,0.019105084420783847
2020-06-18,0.0021388797403778526
2020-06-19,0.008160722076919535
2020-06-22,-0.008717366762558187
2020-06-23,0.006155752175407869
2020-06-24,-0.02422268573751829
2020-06-25,0.015994881325575694
2020-06-26,-0.021662483471647342
2020-06-29,0.027291487361654543
2020-06-30,-0.0037594365950491815
2020-07-01,0.009433962264151052
2020-07-02,-0.0031152647975077885
2020-07-03,0.0100000381469727
2020-07-06,0.02289601985455425
2020-07-07,-0.012704210918000336
2020-07-08,0.017769664273910246
2020-07-09,-0.009030704063100248
2020-07-10,0.014580764322542183
2020-07-13,-0.017964071856287456
2020-07-14,0.015243902439024293
2020-07-15,0.014414377756662988
2020-07-16,-0.006512675455753625
2020-07-17,0.022646024926386454
2020-07-20,0.012703919570178801
2020-07-21,0.00011511262861918503
2020-07-22,0.0005753213059311868
2020-07-23,-0.023576716438340584
2020-07-24,-0.0022379556889446928
2020-07-27,0.02762370431561112
2020-07-28,-0.002412483704823387
2020-07-29,0.005872894492602976
2020-07-30,0.0017172470349080537
2020-07-31,-0.02285714285714291
2020-08-03,-0.002339145593475922
2020-08-04,-0.008792496754600587
2020-08-05,0.01561205969461854
2020-08-06,0.005939146273711282
2020-08-07,-0.012387123510609777
2020-08-10,0.01160480039263967
2020-08-11,-0.00903831264320587
2020-08-12,-0.0037418113585737656
2020-08-13,-0.013497581428118854
2020-08-14,0.007733419070599101
2020-08-17,-0.01889018337390036
2020-08-18,0.02527074022480358
2020-08-19,-0.014436570089154666
2020-08-20,0.00988450421565612
2020-08-21,-0.0067216942725381035
2020-08-24,0.01507772281196118
2020-08-25,-0.001754403811449201
2020-08-26,-0.027533667441524745
2020-08-27,0.01325299366410948
2020-08-28,0.015101121230718384
2020-08-31,-0.03303267663227438
2020-09-01,0.033313142317823896
2020-09-02,-0.007034068957202266
2020-09-03,-0.0017708843198191992
2020-09-04,0.0005913118930660488
2020-09-08,-0.008983476949623759
2020-09-09,0.011450462259065208
2020-09-10,-0.02488208177379103
2020-09-11,-0.004716403170078376
2020-09-14,0.018226001754297227
2020-09-15,0.0
2020-09-16,-0.004773287724486708
2020-09-17,0.004196624313160147
2020-09-18,-0.025671660010494368
2020-09-21,-0.013112741603341638
2020-09-22,0.005215425000767437
2020-09-23,-0.013588616622486227
2020-09-24,0.019411434957762097
2020-09-25,-0.0008599470947425747
2020-09-28,-0.023607501853174506
2020-09-29,-0.012592871853463361
2020-09-30,0.011223022730749044
2020-10-01,0.00403581398826236
2020-10-02,-0.009923387884318458
2020-10-05,0.02131439116569922
2020-10-06,-0.005093213193905322
2020-10-07,-0.0006242405375117555
2020-10-08,0.02361318550762026
2020-10-09,-0.0026852339788070445
2020-10-13,0.005140107375489089
2020-10-14,0.01302812286140309
2020-10-15,-0.001201904781118035
2020-10-16,-0.01323704565967776
2020-10-19,0.00792684787657194
2020-10-20,0.019237704882470785
2020-10-21,0.002967711376302473
2020-10-22,0.010533784023565307
2020-10-23,-0.0070273892413023065
2020-10-26,0.0002359550925803422
2020-10-27,-0.014150996868529497
2020-10-28,-0.04724876818586232
2020-10-29,0.015819235556713496
2020-10-30,-0.02978622609107595
2020-11-03,0.026751572918739974
2020-11-04,0.022952835101046398
2020-11-05,0.024863591602613422
2020-11-06,0.004733745868389372
2020-11-09,0.02237928729953853
2020-11-10,0.013940081128236192
2020-11-11,-0.009657975837852883
2020-11-12,-0.022487455616288066
2020-11-13,0.024882662236125563
2020-11-16,0.019239582123765864
2020-11-17,0.0076404528671436545
2020-11-18,-0.007805496720117544
2020-11-19,0.0024723936054049656
2020-11-23,-0.0016815459822426826
2020-11-24,0.029646258272602255
2020-11-25,-0.0020722263752547265
2020-11-26,0.005464480874316946
2020-11-27,0.00489127117654542
2020-11-30,-0.014061605898062712
2020-12-01,0.020076816241578754
2020-12-02,0.005915201145475946
2020-12-03,0.0023521995463964274
2020-12-04,0.012266682942708274
2020-12-07,-0.0037934731776941844
2020-12-08,0.004019433570320086
2020-12-09,-0.01464390451392994
2020-12-10,0.025767173030722068
2020-12-11,0.000416936778292909
2020-12-14,-0.01021049513083605
2020-12-15,0.018947400544819137
2020-12-16,0.007231373204274583
2020-12-17,0.01230766100761227
2020-12-18,-0.00405262318998989
2020-12-21,-0.023296041143778923
2020-12-22,0.00479115794435625
2020-12-23,0.015963521260916602
2020-12-28,0.009590804933410357
2020-12-29,0.0055583938223413565
2020-12-30,-0.0015075530239085921
2021-01-04,-0.002516356354702154
2021-01-05,0.004036342401996684
2021-01-06,0.004020115837978899
2021-01-07,0.02902904385970073
2021-01-08,0.017606979619275487
2021-01-11,-0.014434586821721607
2021-01-12,0.008244408212425336
2021-01-13,-0.018855210601387173
2021-01-14,0.0148053943313875
2021-01-15,-0.03333330384775057
2021-01-18,0.008495736613634897
2021-01-19,0.0
2021-01-20,-0.007433101968860156
2021-01-21,-0.009985022314169423
2021-01-22,-0.009278851788067644
2021-01-26,-0.005700958656729482
2021-01-27,-0.005835975279105288
2021-01-28,0.0236869525015575
2021-01-29,-0.02977866236452742
2021-02-01,0.020323507205046942
2021-02-02,0.0035568950070499206
2021-02-03,0.011443010161194644
2021-02-04,-0.0038045380843757526
2021-02-05,0.010150775238497278
2021-02-08,-9.951383959694304e-05
2021-02-09,-0.009850725012632178
2021-02-10,0.0006029299297132251
2021-02-11,0.0023099664320431756
2021-02-12,0.0020039773760174295
2021-02-17,0.003000030517578134
2021-02-18,-0.0024925223568637023
2021-02-19,-0.004097987502281963
2021-02-22,-0.04656763767634553
2021-02-23,0.02210524709601147
2021-02-24,0.005149330667942875
2021-02-25,-0.027049174497153716
2021-02-26,-0.02221988869728808
2021-03-01,-0.00010772360145228088
2021-03-02,0.017880264192038586
2021-03-03,0.0010581849113342479
2021-03-04,0.0004228426656718298
2021-03-05,0.031276406419719516
2021-03-08,-0.04149585538607514
2021-03-09,0.011223895116094784
2021-03-10,0.012367845537179178
2021-03-11,0.019108300043854776
2021-03-12,-0.015368852699293112
2021-03-15,0.005306994217776362
2021-03-16,-0.0011386047992610893
2021-03-17,0.021761642218871335
2021-03-18,-0.016227165303060676
2021-03-19,0.010309278350515427
2021-03-22,-0.010204081632653073
2021-03-23,-0.015463917525773141
2021-03-24,0.005235602094240788
2021-03-25,0.01041666666666674
2021-03-26,-0.007216463383940108
2021-03-29,0.013499432826233448
2021-03-30,0.011782802703463435
2021-03-31,0.0
2021-04-01,-0.015088585962223067
2021-04-05,0.026629614240218258
2021-04-06,-0.000300438455235974
2021-04-07,-0.005610073735782484
2021-04-08,0.01420507759791989
2021-04-09,-0.007946711402743056
2021-04-12,0.0011014379425891008
2021-04-13,0.010702137016381785
2021-04-14,0.011380443956002129
2021-04-15,0.001956992011829639
2021-04-16,0.006054639726063016
2021-04-19,-0.0022325347993936706
2021-04-20,-0.005739896507735431
2021-04-22,-0.011839521728023605
2021-04-23,0.01485295605237491
2021-04-26,0.0023417455182610514
2021-04-27,-0.009052859678632674
2021-04-28,0.015717076877764136
2021-04-29,-0.0072533848059208594
2021-04-30,-0.009254793604627665
2021-05-03,-0.0016715651332008807
2021-05-04,-0.008174941800786595
2021-05-05,0.013108239670579946
2021-05-06,0.007253533792527911
2021-05-07,0.004865706399432845
2021-05-10,0.0071663553017677906
2021-05-11,0.0076923370361328125
2021-05-12,-0.032442761706788725
2021-05-13,0.012327415988065749
2021-05-14,0.009741841063177104
2021-05-17,0.0049204257474433355
2021-05-18,0.00758442068315901
2021-05-19,-0.006193367464364274
2021-05-20,-0.00047941563082221084
2021-05-21,-0.0023980815347721673
2021-05-24,0.01134615678053641
2021-05-25,-0.008461678903462055
2021-05-26,0.006807930561317566
2021-05-27,0.00514286586216528
2021-05-28,0.006822069494573979
2021-05-31,0.007434602857569361
2021-06-01,0.015693603524359778
2021-06-02,0.005886134184577063
2021-06-04,0.0025601058084057104
2021-06-07,0.0069311639366562705
2021-06-08,-0.009147741171365298
2021-06-09,0.0031078275424905044
2021-06-10,0.0014580250157103514
2021-06-11,-0.010919058789586544
2021-06-14,0.013339508908423836
2021-06-15,-0.006264207279598977
2021-06-16,-0.01242463568177099
2021-06-17,-0.0018501105556451014
2021-06-18,-0.0036144521235701443
2021-06-21,0.00920842567294411
2021-06-22,0.004976966963385676
2021-06-23,-0.000366846250839048
2021-06-24,-0.0018348343875429496
2021-06-25,-0.005055174966274278
2021-06-28,-0.0007390469381495235
2021-06-29,-9.23962929196831e-05
2021-06-30,-0.0005547816748946444
2021-07-01,-0.012950985621096645
2021-07-02,0.01874414299158933
2021-07-05,-0.006439714516049966
2021-07-06,-0.0092592592592593
2021-07-07,0.009345794392523255
2021-07-08,-0.0092592592592593
2021-07-12,0.017289705365617802
2021-07-13,0.004134171648552787
2021-07-14,0.0018297981944930264
2021-07-15,-0.00812784830729163
2021-07-16,-0.010220058964310219
2021-07-19,-0.012093051644258668
2021-07-20,0.007062147095592941
2021-07-21,0.003740079825083953
2021-07-22,-0.003260349129911466
2021-07-23,-0.007476664035119707
2021-07-26,0.008474590882686428
2021-07-27,-0.006069108638091847
2021-07-28,0.01202448516098853
2021-07-29,-0.0049197660092460405
2021-07-30,-0.03414175500846284
2021-08-02,0.005794847100789591
2021-08-03,0.011907027761062006
2021-08-04,-0.012336263581759765
2021-08-05,-0.006053082933598852
2021-08-06,0.010246546343724017
2021-08-09,0.0003827472462893944
2021-08-10,-0.0045911367089674915
2021-08-11,-0.0024022292758056896
2021-08-12,-0.009824664284961093
2021-08-13,0.001070044816012139
2021-08-16,-0.01661652563420124
2021-08-17,-0.011857677711748504
2021-08-18,-0.009499969482421822
2021-08-19,-0.0017163633831591696
2021-08-20,0.008292877402925614
2021-08-23,-0.005516503903694181
2021-08-24,0.02259201038120895
2021-08-25,-0.0012821506479981926
2021-08-26,-0.016985988390451734
2021-08-27,0.023709067597400768
2021-08-30,-0.006869524702204699
2021-08-31,-0.010276613809234725
2021-09-01,0.0049920125970317475
2021-09-02,-0.0238426528766591
2021-09-03,0.0009159000196830025
2021-09-06,0.011184529651116826
2021-09-08,-0.04022121792604738
2021-09-09,0.01990572641829602
2021-09-10,-0.0065742105770918435
2021-09-13,0.014889902337280159
2021-09-14,-0.0036678614850214064
2021-09-15,-0.008078544924135511
2021-09-16,-0.016082449057667536
2021-09-17,-0.017288364246343058
2021-09-20,-0.023776557577199098
2021-09-21,0.012778569566814335
2021-09-22,0.018764130279085522
2021-09-23,0.014396110858242661
2021-09-24,-0.008035106519338586
2021-09-27,0.005154697093927796
2021-09-28,-0.03244380957095738
2021-09-29,0.008653359417693629
2021-09-30,0.0003217027270441264
2021-10-01,0.016723816241515532
2021-10-04,-0.03542801677244101
2021-10-05,0.014866560243233184
2021-10-06,-0.0020464758671492334
2021-10-07,0.0005396159907165021
2021-10-08,0.02265378827022113
2021-10-11,-0.00843885048527937
2021-10-13,0.013617008290392363
2021-10-14,-0.003253542848083102
2021-10-15,0.014425556487082103
2021-10-18,-0.0014531803505308805
2021-10-19,-0.031185032174315674
2021-10-20,-0.0010729450364319604
2021-10-21,-0.03383460341038036
2021-10-22,-0.0033351354368127417
2021-10-25,0.015058543794127965
2021-10-26,-0.02010991023137021
2021-10-27,-0.0013456893534993242
2021-10-28,-0.007299286957925366
2021-10-29,-0.020814524157519387
2021-11-01,0.018946389046953227
2021-11-03,0.003401395262336182
2021-11-04,-0.02824858757062143
2021-11-05,0.0140697567961936
2021-11-08,0.0021786772549121647
2021-11-09,0.0034324418435445203
2021-11-10,0.004561020978312902
2021-11-11,0.021225911225541516
2021-11-12,-0.011337159704586375
2021-11-16,-0.0188870192559234
2021-11-17,-0.014094142028786116
2021-11-18,-0.006276161201549835
2021-11-19,0.0011695727967380165
2021-11-22,0.0
2021-11-23,0.011682243198898323
2021-11-24,0.011547344314317032
2021-11-25,0.011415525312999053
2021-11-26,-0.03329567719015081
2021-11-29,0.00969062248999375
2021-11-30,-0.010753934656285158
2021-12-01,-0.009935781101040653
2021-12-02,0.03659983725158744
2021-12-03,-0.00615035189929336
2021-12-06,0.03082735212190446
2021-12-07,0.0038911185702099615
2021-12-08,0.003322208330284626
2021-12-09,-0.014900645660680722
2021-12-10,0.006946809485512961
2021-12-13,-0.0006676887298810996
2021-12-14,-0.005789963892685268
2021-12-15,0.005151742409632565
2021-12-16,0.013927576601671321
2021-12-17,-0.01098901098901095
2021-12-20,-0.02277781168619797
2021-12-21,0.005685048520174929
2021-12-22,0.0016958906846167299
2021-12-23,-0.005417559094871405
2021-12-27,0.005333563057870139
2021-12-28,-0.007111381413936413
2021-12-29,-0.006139164633332417
2021-12-30,0.009265673815537001
2022-01-03,-0.009860622390123308
2022-01-04,-0.007554986921911366
2022-01-05,-0.01891579524077125
2022-01-06,0.001645889885571572
2022-01-07,0.01232397992215506
2022-01-10,-0.0028985507246376274
2022-01-11,0.01860463342001273
2022-01-12,0.015981752856907727
2022-01-13,-0.003370820806267605
2022-01-14,0.014656179216290033
2022-01-17,-0.008888922797309018
2022-01-18,0.004148012995972561
2022-01-19,0.016300090314246285
2022-01-20,0.009337564380088814
2022-01-21,-0.003591578270839335
2022-01-24,-0.010595316093596763
2022-01-25,0.021638320212538087
2022-01-26,0.007132008063381212
2022-01-27,0.012124516307012723
2022-01-28,-0.007208738386263014
2022-01-31,0.000747460690696089
2022-02-01,0.016858747444250533
2022-02-02,-0.011017870074857772
2022-02-03,-0.005835576145971522
2022-02-04,0.005229514505050936
2022-02-07,0.003078892748811013
2022-02-08,0.00232846722578417
2022-02-09,0.002639915607775878
2022-02-10,0.004212759754978812
2022-02-11,0.0010487517118129563
2022-02-14,0.001571519441328384
2022-02-15,0.007949813267373651
2022-02-16,0.0063304338572827135
2022-02-17,-0.016603079200620097
2022-02-18,-0.0074454601502549345
2022-02-21,-0.00454305650547937
2022-02-22,0.009870518925141347
2022-02-23,-0.014188107750622847
2022-02-24,-0.0005330815578995507
2022-02-25,0.01333333333333342
2022-03-02,0.026315789473684292
2022-03-03,-0.002769196339142632
2022-03-04,-0.009359288601160753
2022-03-07,-0.02097172601190267
2022-03-08,0.002651113381860526
2022-03-09,0.013537797334561619
2022-03-10,-0.00010437374558436296
2022-03-11,0.0003130742996495517
2022-03-14,-0.032550810295838284
2022-03-15,-0.0067939702362298515
2022-03-16,0.00304016052047551
2022-03-17,0.0310673612460608
2022-03-18,0.0209973753280841
2022-03-21,0.0069922910557920215
2022-03-22,0.007964860378496752
2022-03-23,0.0009118019260454524
2022-03-24,0.012854216638040983
2022-03-25,0.0008994100885344469
2022-03-28,-0.0035942551636282127
2022-03-29,0.013026005837786236
2022-03-30,-0.0017804184756922137
2022-03-31,0.0017835940194375066
2022-04-01,0.009990130083819881
2022-04-04,-0.0009793210608497471
2022-04-05,-0.02117443012328113
2022-04-06,-0.00450672964565757
2022-04-07,0.006036201860267321
2022-04-08,-0.0018000030517577592
2022-04-11,-0.01472651998795138
2022-04-12,-0.0024402426791362286
2022-04-13,0.004077071892676143
2022-04-14,-0.010963372323971154
2022-04-18,-0.0020527244956968227
2022-04-19,-0.006479531636955027
2022-04-20,-0.006728794370043811
2022-04-22,-0.03126628551763555
2022-04-25,-0.002151661697778806
2022-04-26,-0.019946075192680213
2022-04-27,0.009901006719154726
2022-04-28,0.008496718446262985
2022-04-29,-0.017066340460199614
2022-05-02,-0.016483516483516536
2022-05-03,0.0
2022-05-04,0.016759776536312776
2022-05-05,-0.0269230433872768
2022-05-06,-0.001016419697157378
2022-05-09,-0.019330760820376436
2022-05-10,-0.001268018563130413
2022-05-11,0.016851328425183443
2022-05-12,0.012485794474153211
2022-05-13,0.006726526054297688
2022-05-16,0.011135857082584133
2022-05-17,0.008259911616660176
2022-05-18,-0.024576733205873946
2022-05-19,0.009630465632270102
2022-05-20,0.009316729190014916
2022-05-23,0.022527506063272584
2022-05-24,-0.0005373782925079951
2022-05-25,0.003870974304855501
2022-05-26,0.0081405541052042
2022-05-27,0.00021245901490507535
2022-05-30,-0.004780082336517055
2022-05-31,-0.0030953240257274306
2022-06-01,0.00877943984398133
2022-06-02,0.007217154493374789
2022-06-03,-0.012118034851298809
2022-06-06,-0.010133300781249965
2022-06-07,0.005064585946688682
2022-06-08,-0.01897712776639182
2022-06-09,-0.008306034275742835
2022-06-10,-0.01917564364925195
2022-06-13,-0.028089887640449396
2022-06-14,-0.003930593501625723
2022-06-15,0.014739978981975321
2022-06-17,-0.035342605015434625
2022-06-20,-0.00035568864832158376
2022-06-21,-0.002016346505373412
2022-06-22,-0.0010696023121400389
2022-06-23,-0.016775771694393593
2022-06-24,0.00738142079933235
2022-06-27,0.02306304106841206
2022-06-28,-0.001995986528121052
2022-06-29,-0.015529408174402626
2022-06-30,-0.004182582132465029
2022-07-01,-0.008400390762692278
2022-07-04,0.006898217521127181
2022-07-05,-0.003605714343353994
2022-07-06,0.005066322813205293
2022-07-07,0.023883795860037083
2022-07-08,-0.006329866732869727
2022-07-11,-0.023829146196287176
2022-07-12,0.0013293125118014615
2022-07-13,-0.005310191143678145
2022-07-14,-0.018806059898061167
2022-07-15,0.007790246469907558
2022-07-18,0.003435567844133347
2022-07-19,0.00880412364209282
2022-07-20,0.003272686582623141
2022-07-21,0.005195122902204474
2022-07-22,-0.0006009065408305592
2022-07-25,0.015273561271927916
2022-07-26,-0.0017768482484293857
2022-07-27,0.008662672196672716
2022-07-28,0.014117611155790355
2022-07-29,0.0112529147916971
2022-08-01,-0.014110310351907907
2022-08-02,0.014661327333508112
2022-08-03,0.0014908817358063597
2022-08-04,0.016947162447130237
2022-08-05,0.0070938509191698085
2022-08-08,0.018336307523278972
2022-08-09,0.004611310501775989
2022-08-10,0.011584672771516313
2022-08-11,0.005618023835099573
2022-08-12,0.017941535626271765
2022-08-15,0.0026385224274405594
2022-08-16,0.002526293302837157
2022-08-17,0.0016800048897338549
2022-08-18,0.004297652265798257
2022-08-19,-0.023275188230490018
2022-08-22,-0.006945944786925673
2022-08-23,0.024426951852059453
2022-08-24,-0.0011554686331698427
2022-08-25,0.0027342743321452367
2022-08-26,-0.010487677147382524
2022-08-29,0.0
2022-08-30,-0.016428144646853604
2022-08-31,-0.00484918709954929
2022-09-01,0.004331364726454234
2022-09-02,0.010458234185478421
2022-09-05,0.006188666490612116
2022-09-06,-0.020042410694420476
2022-09-08,-0.0022725538961675396
2022-09-09,0.020715875545870066
2022-09-12,0.013176047770986132
2022-09-13,-0.022863139381879005
2022-09-14,-0.008908466752888033
2022-09-15,-0.0005414275974230387
2022-09-16,-0.022429295419759243
2022-09-19,0.03746394599518532
2022-09-20,0.005876101076111473
2022-09-21,-0.00042486367370209166
2022-09-22,0.017745172225209993
2022-09-23,-0.030590941141347194
2022-09-26,-0.013570297866850822
2022-09-27,-0.008625322826942727
2022-09-28,-0.0005506943841103729
2022-09-29,-0.003195602374956974
2022-09-30,0.02022995632960156
2022-10-03,0.05266009927554238
2022-10-04,0.003602660510796385
2022-10-05,0.0071794558794071595
2022-10-06,0.003767848860291245
2022-10-07,-0.009739262325705988
2022-10-10,-0.00635183631497982
2022-10-11,-0.005052045309432596
2022-10-13,-0.004145093532423871
2022-10-14,-0.021748141218269068
2022-10-17,0.017019449396485697
2022-10-18,0.009308643279645423
2022-10-19,0.011398947918353386
2022-10-20,0.011270476345476288
2022-10-21,0.02016216367471224
2022-10-24,-0.032277285939001255
2022-10-25,0.00184729372604453
2022-10-26,-0.029194898825337434
2022-10-27,0.027962452461190335
2022-10-28,-0.015602511513400308
2022-10-31,0.007090722568886321
2022-11-01,0.012632027309724458
2022-11-03,0.0010224792535862282
2022-11-04,0.012665963681744774
2022-11-07,-0.028142030791848627
2022-11-08,0.007265226660327695
2022-11-09,-0.01937150771453222
2022-11-10,-0.036461083192869226
2022-11-11,0.021483111082490458
2022-11-14,0.010355516597252423
